Rk,Player,CleanPlayer,Nation,Pos,Squad,Age,Born,MP,Starts,Min,90s,Gls,Ast,G-PK,PK,PKatt,CrdY,CrdR,Goalsper90,Assistper90,G+A,G-PKper90,G+A-PK,xG,npxG,xA,npxG+xA,xGoalsper90,xAssistper90,xG+xA,npxGper90,npxG+xAper90,TransferMarketvalue
14,Rúnar Alex Rúnarsson,Runar Alex Runarsson,is ISL,GK,Arsenal,26-036,1995,1,0,16,0.2,0,0,0,0,0,0,0,0,0,0,0,0,0,0,0,0,0,0,0,0,0,1980000
32,Pierre-Emerick Aubameyang,Pierre Emerick Aubameyang,ga GAB,FW,Arsenal,31-281,1989,24,21,1933,21.5,9,1,7,2,2,2,0,0.42,0.05,0.47,0.33,0.37,9,7.4,1.6,9.1,0.42,0.08,0.49,0.35,0.42,38500000
53,Héctor Bellerín,Hector Bellerin,es ESP,DF,Arsenal,26-007,1995,22,22,1910,21.2,1,2,1,0,0,8,0,0.05,0.09,0.14,0.05,0.14,0.6,0.6,2.3,2.9,0.03,0.11,0.14,0.03,0.14,27500000
89,Dani Ceballos,Dani Ceballos,es ESP,MF,Arsenal,24-231,1996,19,11,1123,12.5,0,2,0,0,0,3,0,0,0.16,0.16,0,0.16,0.3,0.3,2.2,2.5,0.02,0.17,0.2,0.02,0.2,33000000
90,Calum Chambers,Calum Chambers,eng ENG,DF,Arsenal,26-065,1995,2,2,180,2,0,0,0,0,0,0,0,0,0,0,0,0,0.1,0.1,0.5,0.6,0.04,0.25,0.29,0.04,0.29,13200000
128,Gabriel Dos Santos,Gabriel Dos Santos,br BRA,DF,Arsenal,23-097,1997,16,15,1366,15.2,2,0,2,0,0,3,1,0.13,0,0.13,0.13,0.13,0.8,0.8,0,0.8,0.05,0,0.05,0.05,0.05,27500000
138,Mohamed Elneny,Mohamed Elneny,eg EGY,MF,Arsenal,28-258,1992,16,12,1076,12,0,0,0,0,0,2,0,0,0,0,0,0,0.4,0.4,0.2,0.5,0.03,0.01,0.05,0.03,0.05,11000000
195,Rob Holding,Rob Holding,eng ENG,DF,Arsenal,25-187,1995,22,20,1838,20.4,0,1,0,0,0,2,0,0,0.05,0.05,0,0.05,1.1,1.1,0.2,1.4,0.06,0.01,0.07,0.06,0.07,17600000
242,Alexandre Lacazette,Alexandre Lacazette,fr FRA,FW,Arsenal,29-302,1991,25,19,1621,18,11,2,8,3,3,3,0,0.61,0.11,0.72,0.44,0.56,8.6,6.3,2.3,8.6,0.48,0.13,0.61,0.35,0.48,38500000
251,Bernd Leno,Bernd Leno,de GER,GK,Arsenal,29-022,1992,28,28,2501,27.8,0,0,0,0,0,0,1,0,0,0,0,0,0,0,0,0,0,0,0,0,0,27500000
269,David Luiz,David Luiz,br BRA,DF,Arsenal,33-338,1987,19,16,1344,14.9,1,0,1,0,0,1,1,0.07,0,0.07,0.07,0.07,0.8,0.8,0.4,1.3,0.06,0.03,0.09,0.06,0.09,5500000
276,Ainsley Maitland-Niles,Ainsley Maitland Niles,eng ENG,DF,Arsenal,23-209,1997,11,5,490,5.4,0,0,0,0,0,0,0,0,0,0,0,0,0.1,0.1,0.2,0.3,0.02,0.04,0.06,0.02,0.06,
283,Pablo Marí,Pablo Mari,es ESP,DF,Arsenal,27-207,1993,7,7,630,7,0,0,0,0,0,1,0,0,0,0,0,0,0,0,0,0,0.01,0,0.01,0.01,0.01,7700000
285,Martinelli,Martinelli,br BRA,FW,Arsenal,19-281,2001,6,3,219,2.4,0,0,0,0,0,0,0,0,0,0,0,0,0.8,0.8,0,0.8,0.31,0.01,0.32,0.31,0.32,24200000
328,Reiss Nelson,Reiss Nelson,eng ENG,FW,Arsenal,21-106,1999,2,0,71,0.8,0,0,0,0,0,0,0,0,0,0,0,0,0,0,0,0,0.06,0,0.06,0.06,0.06,11000000
331,Eddie Nketiah,Eddie Nketiah,eng ENG,FW,Arsenal,21-300,1999,14,3,327,3.6,1,1,1,0,0,0,0,0.28,0.28,0.55,0.28,0.55,1.2,1.2,0.6,1.8,0.32,0.16,0.48,0.32,0.48,19800000
348,Thomas Partey,Thomas Partey,gh GHA,MF,Arsenal,27-286,1993,15,12,963,10.7,0,1,0,0,0,3,0,0,0.09,0.09,0,0.09,0.8,0.8,0.6,1.4,0.07,0.05,0.13,0.07,0.13,49500000
352,Nicolas Pépé,Nicolas Pepe,ci CIV,FW,Arsenal,25-301,1995,21,10,1057,11.7,5,1,4,1,1,1,1,0.43,0.09,0.51,0.34,0.43,5.1,4.3,0.6,4.9,0.43,0.05,0.48,0.37,0.42,41800000
397,Mathew Ryan,Mathew Ryan,au AUS,GK,Arsenal,28-352,1992,1,1,90,1,0,0,0,0,0,0,0,0,0,0,0,0,0,0,0,0,0,0,0,0,0,6600000
401,Bukayo Saka,Bukayo Saka,eng ENG,FWDF,Arsenal,19-202,2001,25,24,2069,23,5,2,5,0,0,1,0,0.22,0.09,0.3,0.22,0.3,6.5,6.5,3.8,10.3,0.28,0.17,0.45,0.28,0.45,66000000
427,Emile Smith-Rowe,Emile Smith Rowe,eng ENG,MFFW,Arsenal,20-241,2000,14,12,945,10.5,0,4,0,0,0,0,0,0,0.38,0.38,0,0.38,1,1,2.4,3.4,0.1,0.23,0.32,0.1,0.32,14300000
430,Cédric Soares,Cedric Soares,pt POR,DF,Arsenal,29-207,1991,9,8,700,7.8,0,1,0,0,0,1,0,0,0.13,0.13,0,0.13,0.2,0.2,0.9,1.1,0.02,0.11,0.14,0.02,0.14,6600000
453,Kieran Tierney,Kieran Tierney,sco SCO,DF,Arsenal,23-294,1997,22,22,1970,21.9,1,2,1,0,0,4,0,0.05,0.09,0.14,0.05,0.14,0.4,0.4,3.7,4.1,0.02,0.17,0.19,0.02,0.19,33000000
495,Willian,Willian,br BRA,FWMF,Arsenal,32-229,1988,21,14,1196,13.3,0,5,0,0,0,0,0,0,0.38,0.38,0,0.38,1.9,1.9,2,3.9,0.14,0.15,0.29,0.14,0.29,13200000
496,Joe Willock,Joe Willock,eng ENG,MF,Arsenal,21-218,1999,7,2,238,2.6,0,0,0,0,0,1,0,0,0,0,0,0,0.4,0.4,0,0.5,0.17,0.02,0.18,0.17,0.18,
501,Granit Xhaka,Granit Xhaka,ch SUI,MF,Arsenal,28-180,1992,25,24,2059,22.9,1,2,1,0,0,6,1,0.04,0.09,0.13,0.04,0.13,0.7,0.7,1.3,2,0.03,0.06,0.09,0.03,0.09,24200000
511,Martin Ødegaard,Martin Odegaard,no NOR,MF,Arsenal,22-099,1998,8,5,474,5.3,1,0,1,0,0,0,0,0.19,0,0.19,0.19,0.19,0.8,0.8,0.8,1.6,0.15,0.15,0.3,0.15,0.3,44000000
45,Ross Barkley,Ross Barkley,eng ENG,MF,Aston Villa,27-111,1993,18,14,1167,13,3,1,3,0,0,0,0,0.23,0.08,0.31,0.23,0.31,3,3,3.1,6,0.23,0.24,0.47,0.23,0.47,
83,Matty Cash,Matty Cash,eng ENG,DF,Aston Villa,23-231,1997,22,22,1912,21.2,0,2,0,0,0,6,0,0,0.09,0.09,0,0.09,0.3,0.3,1.7,2,0.01,0.08,0.09,0.01,0.09,
110,Keinan Davis,Keinan Davis,eng ENG,FW,Aston Villa,23-041,1998,8,0,88,1,0,0,0,0,0,0,0,0,0,0,0,0,0.3,0.3,0.1,0.4,0.35,0.11,0.46,0.35,0.46,
137,Ahmed Elmohamady,Ahmed Elmohamady,eg EGY,DF,Aston Villa,33-198,1987,11,6,613,6.8,0,0,0,0,0,2,0,0,0,0,0,0,0.3,0.3,0.5,0.8,0.04,0.08,0.12,0.04,0.12,
163,Anwar El Ghazi,Anwar El Ghazi,nl NED,FW,Aston Villa,25-327,1995,18,9,913,10.1,6,0,4,2,2,1,0,0.59,0,0.59,0.39,0.39,4.8,3.3,1.7,5,0.47,0.17,0.64,0.32,0.49,
174,Jack Grealish,Jack Grealish,eng ENG,FWMF,Aston Villa,25-197,1995,22,22,1977,22,6,10,6,0,0,6,0,0.27,0.46,0.73,0.27,0.73,4.2,4.2,8.1,12.2,0.19,0.37,0.56,0.19,0.56,
184,Kortney Hause,Kortney Hause,eng ENG,DF,Aston Villa,25-253,1995,4,4,360,4,1,0,1,0,0,1,0,0.25,0,0.25,0.25,0.25,1.1,1.1,0,1.1,0.27,0,0.27,0.27,0.27,
197,Conor Hourihane,Conor Hourihane,ie IRL,MF,Aston Villa,30-052,1991,4,3,225,2.5,1,1,1,0,0,0,0,0.4,0.4,0.8,0.4,0.8,0.5,0.5,0.8,1.3,0.2,0.32,0.52,0.2,0.52,
237,Ezri Konsa,Ezri Konsa,eng ENG,DF,Aston Villa,23-154,1997,26,25,2296,25.5,2,0,2,0,0,2,0,0.08,0,0.08,0.08,0.08,1.4,1.4,0,1.4,0.05,0,0.05,0.05,0.05,
270,Douglas Luiz,Douglas Luiz,br BRA,MF,Aston Villa,22-321,1998,24,24,2099,23.3,0,2,0,0,0,7,1,0,0.09,0.09,0,0.09,1.2,1.2,1.2,2.4,0.05,0.05,0.1,0.05,0.1,
286,Emiliano Martínez,Emiliano Martinez,ar ARG,GK,Aston Villa,28-205,1992,28,28,2520,28,0,0,0,0,0,0,0,0,0,0,0,0,0,0,0.2,0.2,0,0.01,0.01,0,0.01,
297,John McGinn,John McGinn,sco SCO,MF,Aston Villa,26-159,1994,27,27,2430,27,1,4,1,0,0,7,0,0.04,0.15,0.19,0.04,0.19,1.6,1.6,2.2,3.9,0.06,0.08,0.14,0.06,0.14,
311,Tyrone Mings,Tyrone Mings,eng ENG,DF,Aston Villa,28-013,1993,27,27,2384,26.5,2,1,2,0,0,6,1,0.08,0.04,0.11,0.08,0.11,1.7,1.7,0.5,2.2,0.06,0.02,0.08,0.06,0.08,
324,Marvelous Nakamba,Marvelous Nakamba,zw ZIM,MF,Aston Villa,27-066,1994,9,5,444,4.9,0,0,0,0,0,2,0,0,0,0,0,0,0,0,0,0.1,0.01,0.01,0.02,0.01,0.02,
368,Jacob Ramsey,Jacob Ramsey,eng ENG,MF,Aston Villa,19-302,2001,13,4,391,4.3,0,0,0,0,0,0,0,0,0,0,0,0,0.2,0.2,0.1,0.4,0.05,0.03,0.08,0.05,0.08,
407,Morgan Sanson,Morgan Sanson,fr FRA,MF,Aston Villa,26-220,1994,8,2,228,2.5,0,0,0,0,0,3,0,0,0,0,0,0,0,0,0.1,0.2,0,0.06,0.06,0,0.06,
441,Matt Targett,Matt Targett,eng ENG,DF,Aston Villa,25-189,1995,28,28,2504,27.8,0,1,0,0,0,6,0,0,0.04,0.04,0,0.04,0.2,0.2,1.8,2,0.01,0.06,0.07,0.01,0.07,
446,Neil Taylor,Neil Taylor,wal WAL,DF,Aston Villa,32-047,1989,1,0,16,0.2,0,0,0,0,0,1,0,0,0,0,0,0,0,0,0,0,0,0,0,0,0,
461,Bertrand Traoré,Bertrand Traore,bf BFA,FW,Aston Villa,25-201,1995,26,19,1525,16.9,5,3,5,0,0,0,0,0.3,0.18,0.47,0.3,0.47,4.8,4.8,1.4,6.2,0.28,0.08,0.37,0.28,0.37,
462,Trézéguet,Trezeguet,eg EGY,FW,Aston Villa,26-176,1994,19,11,1056,11.7,0,1,0,0,0,0,0,0,0.09,0.09,0,0.09,3,3,2,5,0.25,0.17,0.42,0.25,0.42,
484,Ollie Watkins,Ollie Watkins,eng ENG,FW,Aston Villa,25-086,1995,28,28,2520,28,10,3,9,1,2,1,0,0.36,0.11,0.46,0.32,0.43,12.1,10.6,2.9,13.5,0.43,0.1,0.54,0.38,0.48,
22,Steven Alzate,Steven Alzate,co COL,MFDF,Brighton,22-199,1998,12,8,741,8.2,1,0,1,0,0,2,0,0.12,0,0.12,0.12,0.12,0.6,0.6,0.4,1,0.07,0.05,0.12,0.07,0.12,
61,Bernardo,Bernardo,br BRA,DFMF,Brighton,25-316,1995,3,2,206,2.3,0,0,0,0,0,0,0,0,0,0,0,0,0.3,0.3,0.2,0.5,0.13,0.09,0.22,0.13,0.22,
63,Yves Bissouma,Yves Bissouma,ml MLI,MF,Brighton,24-208,1996,27,26,2302,25.6,1,0,1,0,0,6,1,0.04,0,0.04,0.04,0.04,0.7,0.7,0.4,1.1,0.03,0.01,0.04,0.03,0.04,
73,Dan Burn,Dan Burn,eng ENG,DF,Brighton,28-321,1992,20,17,1517,16.9,0,0,0,0,0,5,0,0,0,0,0,0,0.9,0.9,0.8,1.7,0.06,0.05,0.1,0.06,0.1,
98,Aaron Connolly,Aaron Connolly,ie IRL,FW,Brighton,21-057,2000,15,9,722,8,2,1,2,0,0,0,0,0.25,0.12,0.37,0.25,0.37,3.3,3.3,0.2,3.5,0.41,0.02,0.43,0.41,0.43,
132,Lewis Dunk,Lewis Dunk,eng ENG,DF,Brighton,29-125,1991,26,26,2339,26,4,0,4,0,0,4,1,0.15,0,0.15,0.15,0.15,2.2,2.2,0.6,2.8,0.09,0.02,0.11,0.09,0.11,
176,Pascal Groß,Pascal Gross,de GER,MF,Brighton,29-284,1991,25,18,1698,18.9,2,6,0,2,3,1,0,0.11,0.32,0.42,0,0.32,4.4,2.2,4.6,6.8,0.24,0.24,0.48,0.11,0.36,
207,Alireza Jahanbakhsh,Alireza Jahanbakhsh,ir IRN,FWMF,Brighton,27-227,1993,13,2,264,2.9,0,1,0,0,0,2,0,0,0.34,0.34,0,0.34,1.2,1.2,1.8,3,0.39,0.62,1.01,0.39,1.01,
231,Reda Khadra,Reda Khadra,de GER,FW,Brighton,19-265,2001,1,0,5,0.1,0,0,0,0,0,0,0,0,0,0,0,0,0,0,0,0,0,0,0,0,0,
243,Adam Lallana,Adam Lallana,eng ENG,MFFW,Brighton,32-320,1988,23,13,1187,13.2,1,1,1,0,0,0,0,0.08,0.08,0.15,0.08,0.15,1.7,1.7,2.6,4.4,0.13,0.2,0.33,0.13,0.33,
245,Tariq Lamptey,Tariq Lamptey,eng ENG,DF,Brighton,20-177,2000,11,11,886,9.8,1,1,1,0,0,4,1,0.1,0.1,0.2,0.1,0.2,0.6,0.6,1.1,1.7,0.06,0.11,0.17,0.06,0.17,
272,Alexis Mac Allister,Alexis Mac Allister,ar ARG,MFFW,Brighton,22-092,1998,15,10,825,9.2,1,1,1,0,0,1,0,0.11,0.11,0.22,0.11,0.22,0.9,0.9,1.9,2.8,0.1,0.21,0.31,0.1,0.31,
282,Solly March,Solly March,eng ENG,DF,Brighton,26-249,1994,21,19,1672,18.6,2,1,2,0,0,0,0,0.11,0.05,0.16,0.11,0.16,1.7,1.7,1.7,3.4,0.09,0.09,0.18,0.09,0.18,
292,Neal Maupay,Neal Maupay,fr FRA,FWMF,Brighton,24-224,1996,27,24,2050,22.8,8,2,5,3,4,1,0,0.35,0.09,0.44,0.22,0.31,10.7,7.7,3,10.7,0.47,0.13,0.6,0.34,0.47,
314,Jakub Moder,Jakub Moder,pl POL,DF,Brighton,21-353,1999,3,1,100,1.1,0,0,0,0,0,0,0,0,0,0,0,0,0.4,0.4,0,0.4,0.33,0,0.33,0.33,0.33,
315,Jayson Molumby,Jayson Molumby,ie IRL,MF,Brighton,21-232,1999,1,0,1,0,0,0,0,0,0,0,0,0,0,0,0,0,0,0,0,0,0,0,0,0,0,
365,Davy Pröpper,Davy Propper,nl NED,MF,Brighton,29-205,1991,7,2,213,2.4,0,0,0,0,0,0,0,0,0,0,0,0,0.1,0.1,0,0.1,0.04,0,0.04,0.04,0.04,
398,Mathew Ryan,Mathew Ryan,au AUS,GK,Brighton,28-352,1992,11,11,990,11,0,0,0,0,0,1,0,0,0,0,0,0,0,0,0,0,0,0,0,0,0,
406,Robert Sánchez,Robert Sanchez,es ESP,GK,Brighton,23-128,1997,18,18,1620,18,0,0,0,0,0,0,0,0,0,0,0,0,0,0,0,0,0,0,0,0,0,
443,Percy Tau,Percy Tau,za RSA,FWMF,Brighton,26-317,1994,2,1,85,0.9,0,0,0,0,0,0,0,0,0,0,0,0,0,0,0,0,0,0.02,0.02,0,0.02,
463,Leandro Trossard,Leandro Trossard,be BEL,FWMF,Brighton,26-112,1994,26,22,1989,22.1,4,5,4,0,0,2,0,0.18,0.23,0.41,0.18,0.41,4.2,4.2,3.8,8,0.19,0.17,0.36,0.19,0.36,
469,Joël Veltman,Joel Veltman,nl NED,DF,Brighton,29-070,1992,23,20,1831,20.3,1,1,1,0,0,3,0,0.05,0.05,0.1,0.05,0.1,1.1,1.1,1,2.1,0.06,0.05,0.1,0.06,0.1,
486,Adam Webster,Adam Webster,eng ENG,DF,Brighton,26-081,1995,22,22,1964,21.8,0,0,0,0,0,3,0,0,0,0,0,0,1,1,0.2,1.2,0.05,0.01,0.06,0.05,0.06,
487,Danny Welbeck,Danny Welbeck,eng ENG,FW,Brighton,30-120,1990,16,9,906,10.1,3,1,3,0,1,0,0,0.3,0.1,0.4,0.3,0.4,4.4,3.7,1.2,4.9,0.44,0.12,0.56,0.36,0.48,
490,Ben White,Ben White,eng ENG,DFMF,Brighton,23-169,1997,28,28,2472,27.5,0,0,0,0,0,2,0,0,0,0,0,0,0.4,0.4,0.5,0.9,0.02,0.02,0.03,0.02,0.03,
507,Andi Zeqiri,Andi Zeqiri,ch SUI,DFFW,Brighton,21-277,1999,5,0,121,1.3,0,0,0,0,0,0,0,0,0,0,0,0,0.3,0.3,0,0.3,0.26,0,0.26,0.26,0.26,
43,Phil Bardsley,Phil Bardsley,sco SCO,DF,Burnley,35-271,1985,4,3,274,3,0,0,0,0,0,2,0,0,0,0,0,0,0.1,0.1,0,0.1,0.04,0,0.04,0.04,0.04,
46,Ashley Barnes,Ashley Barnes,eng ENG,FW,Burnley,31-147,1989,18,15,1293,14.4,3,0,2,1,1,4,0,0.21,0,0.21,0.14,0.14,4.9,4.1,0.7,4.8,0.34,0.05,0.39,0.29,0.33,
55,Josh Benson,Josh Benson,eng ENG,MF,Burnley,21-111,1999,6,2,264,2.9,0,0,0,0,0,0,0,0,0,0,0,0,0.2,0.2,0,0.2,0.06,0,0.06,0.06,0.06,
57,Jóhann Berg Guðmundsson,Johann Berg Gudmundsson,is ISL,MF,Burnley,30-150,1990,15,11,883,9.8,2,0,2,0,0,1,0,0.2,0,0.2,0.2,0.2,1.5,1.5,0.3,1.8,0.15,0.03,0.18,0.15,0.18,
67,Robbie Brady,Robbie Brady,ie IRL,MF,Burnley,29-071,1992,19,12,1052,11.7,1,1,1,0,0,3,0,0.09,0.09,0.17,0.09,0.17,0.8,0.8,0.9,1.7,0.07,0.08,0.15,0.07,0.15,
69,Josh Brownhill,Josh Brownhill,eng ENG,MF,Burnley,25-097,1995,24,23,2051,22.8,0,0,0,0,0,1,0,0,0,0,0,0,1.2,1.2,0.8,1.9,0.05,0.03,0.08,0.05,0.08,
100,Jack Cork,Jack Cork,eng ENG,MF,Burnley,31-274,1989,9,8,735,8.2,0,0,0,0,0,1,0,0,0,0,0,0,0.3,0.3,0.2,0.4,0.03,0.02,0.05,0.03,0.05,
133,Jimmy Dunne,Jimmy Dunne,ie IRL,DF,Burnley,23-158,1997,2,2,180,2,1,0,1,0,0,0,0,0.5,0,0.5,0.5,0.5,0.3,0.3,0.1,0.4,0.13,0.05,0.19,0.13,0.19,
262,Kevin Long,Kevin Long,ie IRL,DF,Burnley,30-220,1990,8,7,637,7.1,0,0,0,0,0,2,0,0,0,0,0,0,0.3,0.3,0,0.3,0.04,0,0.04,0.04,0.04,
268,Matthew Lowton,Matthew Lowton,eng ENG,DF,Burnley,31-290,1989,25,25,2250,25,1,0,1,0,0,4,0,0.04,0,0.04,0.04,0.04,0.4,0.4,1.4,1.9,0.02,0.06,0.08,0.02,0.08,
299,Dwight McNeil,Dwight McNeil,eng ENG,MF,Burnley,21-124,1999,27,25,2317,25.7,2,3,2,0,0,1,0,0.08,0.12,0.19,0.08,0.19,0.8,0.8,4.2,5.1,0.03,0.16,0.2,0.03,0.2,
301,Ben Mee,Ben Mee,eng ENG,DF,Burnley,31-184,1989,22,22,1973,21.9,2,0,2,0,0,2,0,0.09,0,0.09,0.09,0.09,1.3,1.3,0.1,1.4,0.06,0.01,0.07,0.06,0.07,
321,Joel Mumbongo,Joel Mumbongo,se SWE,FW,Burnley,22-076,1999,3,0,39,0.4,0,0,0,0,0,1,0,0,0,0,0,0,0,0,0,0,0,0,0,0,0,
350,Bailey Peacock-Farrell,Bailey Peacock Farrell,nir NIR,GK,Burnley,24-148,1996,1,1,90,1,0,0,0,0,0,0,0,0,0,0,0,0,0,0,0,0,0,0,0,0,0,
360,Erik Pieters,Erik Pieters,nl NED,DFMF,Burnley,32-231,1988,18,11,1144,12.7,0,1,0,0,0,1,0,0,0.08,0.08,0,0.08,0.2,0.2,0.4,0.5,0.01,0.03,0.04,0.01,0.04,
363,Nick Pope,Nick Pope,eng ENG,GK,Burnley,28-341,1992,28,28,2520,28,0,0,0,0,0,1,0,0,0,0,0,0,0,0,0.4,0.4,0,0.01,0.01,0,0.01,
378,Lewis Richardson,Lewis Richardson,eng ENG,FW,Burnley,18-047,2003,1,0,3,0,0,0,0,0,0,0,0,0,0,0,0,0,0,0,0,0,0,0,0,0,0,
393,Jay Rodriguez,Jay Rodriguez,eng ENG,FWMF,Burnley,31-240,1989,24,12,1130,12.6,1,2,1,0,0,3,0,0.08,0.16,0.24,0.08,0.24,1.5,1.5,1.2,2.8,0.12,0.1,0.22,0.12,0.22,
434,Dale Stephens,Dale Stephens,eng ENG,MF,Burnley,31-287,1989,7,3,261,2.9,0,0,0,0,0,1,0,0,0,0,0,0,0.2,0.2,0,0.2,0.06,0,0.06,0.06,0.06,
442,James Tarkowski,James Tarkowski,eng ENG,DF,Burnley,28-127,1992,27,27,2430,27,0,0,0,0,0,4,0,0,0,0,0,0,1.6,1.6,0.5,2.1,0.06,0.02,0.08,0.06,0.08,
445,Charlie Taylor,Charlie Taylor,eng ENG,DF,Burnley,27-189,1993,21,21,1738,19.3,0,1,0,0,0,1,0,0,0.05,0.05,0,0.05,0.1,0.1,0.8,0.9,0,0.04,0.05,0,0.05,
476,Matěj Vydra,Matej Vydra,cz CZE,FW,Burnley,28-329,1992,19,9,879,9.8,1,1,1,0,0,0,0,0.1,0.1,0.2,0.1,0.2,3.4,3.4,1.1,4.5,0.35,0.11,0.46,0.35,0.46,
489,Ashley Westwood,Ashley Westwood,eng ENG,MF,Burnley,30-359,1990,29,29,2600,28.9,1,2,1,0,0,6,0,0.03,0.07,0.1,0.03,0.1,0.4,0.4,4.1,4.5,0.01,0.14,0.16,0.01,0.16,
500,Chris Wood,Chris Wood,nz NZL,FW,Burnley,29-109,1991,24,23,1967,21.9,6,0,6,0,0,0,0,0.27,0,0.27,0.27,0.27,7.8,7.8,1,8.8,0.36,0.05,0.4,0.36,0.4,
2,Tammy Abraham,Tammy Abraham,eng ENG,FW,Chelsea,23-175,1997,20,12,1021,11.3,6,1,6,0,0,0,0,0.53,0.09,0.62,0.53,0.62,5.6,5.6,0.9,6.5,0.49,0.08,0.57,0.49,0.57,44000000
21,Marcos Alonso,Marcos Alonso,es ESP,DF,Chelsea,30-088,1990,9,8,704,7.8,1,0,1,0,0,2,0,0.13,0,0.13,0.13,0.13,1,1,1.1,2.1,0.13,0.14,0.26,0.13,0.26,14300000
31,Kepa Arrizabalaga,Kepa Arrizabalaga,es ESP,GK,Chelsea,26-174,1994,4,4,360,4,0,0,0,0,0,0,0,0,0,0,0,0,0,0,0,0,0,0,0,0,0,14300000
37,César Azpilicueta,Cesar Azpilicueta,es ESP,DF,Chelsea,31-210,1989,19,17,1581,17.6,1,1,1,0,0,4,0,0.06,0.06,0.11,0.06,0.11,0.8,0.8,1.8,2.5,0.04,0.1,0.14,0.04,0.14,18700000
76,Willy Caballero,Willy Caballero,ar ARG,GK,Chelsea,39-179,1981,1,1,90,1,0,0,0,0,0,0,0,0,0,0,0,0,0,0,0,0,0,0,0,0,0,330000
91,Ben Chilwell,Ben Chilwell,eng ENG,DF,Chelsea,24-095,1996,21,21,1756,19.5,2,4,2,0,0,3,0,0.1,0.21,0.31,0.1,0.31,1.6,1.6,1.5,3,0.08,0.08,0.16,0.08,0.16,55000000
93,Andreas Christensen,Andreas Christensen,dk DEN,DF,Chelsea,24-350,1996,12,11,999,11.1,0,0,0,0,0,1,1,0,0,0,0,0,0.1,0.1,0.3,0.3,0,0.03,0.03,0,0.03,30800000
166,Billy Gilmour,Billy Gilmour,sco SCO,MF,Chelsea,19-288,2001,2,0,36,0.4,0,0,0,0,0,0,0,0,0,0,0,0,0,0,0,0,0,0,0,0,0,7700000
167,Olivier Giroud,Olivier Giroud,fr FRA,FW,Chelsea,34-177,1986,14,8,707,7.9,4,0,4,0,0,1,0,0.51,0,0.51,0.51,0.51,3.9,3.9,0.7,4.6,0.49,0.09,0.58,0.49,0.58,5500000
185,Kai Havertz,Kai Havertz,de GER,MFFW,Chelsea,21-288,1999,21,14,1166,13,1,2,1,0,0,2,0,0.08,0.15,0.23,0.08,0.23,3,3,1.3,4.3,0.23,0.1,0.33,0.23,0.33,77000000
198,Callum Hudson-Odoi,Callum Hudson Odoi,eng ENG,FWDF,Chelsea,20-139,2000,19,9,900,10,2,2,2,0,0,0,0,0.2,0.2,0.4,0.2,0.4,1.2,1.2,2.3,3.5,0.12,0.23,0.35,0.12,0.35,38500000
209,Reece James,Reece James,eng ENG,DF,Chelsea,21-108,1999,23,18,1723,19.1,1,2,1,0,0,3,0,0.05,0.1,0.16,0.05,0.16,1.2,1.2,2.3,3.5,0.06,0.12,0.18,0.06,0.18,44000000
217,Jorginho,Jorginho,it ITA,MF,Chelsea,29-096,1991,20,16,1437,16,6,1,0,6,8,0,0,0.38,0.06,0.44,0,0.06,6.2,0.1,1.4,1.6,0.39,0.09,0.48,0.01,0.1,49500000
224,N'Golo Kanté,NGolo Kante,fr FRA,MF,Chelsea,29-362,1991,25,21,1903,21.1,0,2,0,0,0,6,0,0,0.09,0.09,0,0.09,0.8,0.8,1.1,1.9,0.04,0.05,0.09,0.04,0.09,60500000
239,Mateo Kovačić,Mateo Kovacic,hr CRO,MF,Chelsea,26-324,1994,23,18,1519,16.9,0,1,0,0,0,2,0,0,0.06,0.06,0,0.06,0.8,0.8,1.4,2.2,0.05,0.08,0.13,0.05,0.13,49500000
303,Edouard Mendy,Edouard Mendy,sn SEN,GK,Chelsea,29-025,1992,24,24,2160,24,0,0,0,0,0,0,0,0,0,0,0,0,0,0,0,0,0,0,0,0,0,27500000
317,Mason Mount,Mason Mount,eng ENG,MFFW,Chelsea,22-075,1999,28,25,2230,24.8,5,3,4,1,1,2,0,0.2,0.12,0.32,0.16,0.28,4.2,3.5,5.5,8.9,0.17,0.22,0.39,0.14,0.36,66000000
347,Emerson Palmieri,Emerson Palmieri,it ITA,DF,Chelsea,26-235,1994,2,0,90,1,0,0,0,0,0,0,0,0,0,0,0,0,0,0,0,0,0,0,0,0,0,16500000
366,Christian Pulisic,Christian Pulisic,us USA,FW,Chelsea,22-189,1998,19,10,1080,12,1,1,1,0,0,2,0,0.08,0.08,0.17,0.08,0.17,2.9,2.9,1.8,4.7,0.24,0.15,0.39,0.24,0.39,55000000
396,Antonio Rüdiger,Antonio Rudiger,de GER,DF,Chelsea,28-023,1993,13,13,1170,13,0,0,0,0,0,0,0,0,0,0,0,0,0.2,0.2,0.3,0.5,0.02,0.02,0.04,0.02,0.04,27500000
423,Thiago Silva,Thiago Silva,br BRA,DF,Chelsea,36-185,1984,17,17,1457,16.2,2,0,2,0,0,3,0,0.12,0,0.12,0.12,0.12,0.8,0.8,0.2,1,0.05,0.01,0.06,0.05,0.06,3850000
488,Timo Werner,Timo Werner,de GER,FW,Chelsea,25-020,1996,28,23,2043,22.7,5,5,5,0,0,0,0,0.22,0.22,0.44,0.22,0.44,9.9,9.9,3.1,13,0.44,0.14,0.57,0.44,0.57,71500000
509,Hakim Ziyech,Hakim Ziyech,ma MAR,FWMF,Chelsea,28-007,1993,15,11,855,9.5,1,3,1,0,0,3,0,0.11,0.32,0.42,0.11,0.42,1.3,1.3,2.8,4.1,0.14,0.3,0.43,0.14,0.43,44000000
510,Kurt Zouma,Kurt Zouma,fr FRA,DF,Chelsea,26-150,1994,17,17,1530,17,4,0,4,0,0,1,0,0.24,0,0.24,0.24,0.24,1,1,0,1.1,0.06,0,0.06,0.06,0.06,35200000
1,Patrick van Aanholt,Patrick van Aanholt,nl NED,DF,Crystal Palace,30-209,1990,18,17,1504,16.7,0,1,0,0,0,2,0,0,0.06,0.06,0,0.06,1.2,1.2,0.8,2,0.07,0.05,0.12,0.07,0.12,
35,Jordan Ayew,Jordan Ayew,gh GHA,FWMF,Crystal Palace,29-196,1991,25,18,1663,18.5,1,3,1,0,0,2,0,0.05,0.16,0.22,0.05,0.22,1.8,1.8,0.6,2.3,0.1,0.03,0.13,0.1,0.13,
50,Michy Batshuayi,Michy Batshuayi,be BEL,FW,Crystal Palace,27-175,1993,16,7,702,7.8,1,1,1,0,0,0,0,0.13,0.13,0.26,0.13,0.26,1.1,1.1,1.4,2.5,0.14,0.18,0.33,0.14,0.33,
56,Christian Benteke,Christian Benteke,be BEL,FW,Crystal Palace,30-113,1990,22,13,1159,12.9,5,1,5,0,0,2,1,0.39,0.08,0.47,0.39,0.47,4.9,4.9,0.9,5.8,0.38,0.07,0.45,0.38,0.45,
77,Gary Cahill,Gary Cahill,eng ENG,DF,Crystal Palace,35-097,1985,14,14,1260,14,1,0,1,0,0,3,0,0.07,0,0.07,0.07,0.07,0.3,0.3,0.4,0.6,0.02,0.03,0.04,0.02,0.04,
95,Nathaniel Clyne,Nathaniel Clyne,eng ENG,DF,Crystal Palace,29-355,1991,13,13,1145,12.7,0,1,0,0,0,2,0,0,0.08,0.08,0,0.08,0.1,0.1,0.4,0.5,0.01,0.03,0.04,0.01,0.04,
106,Scott Dann,Scott Dann,eng ENG,DF,Crystal Palace,34-040,1987,12,12,1080,12,1,0,1,0,0,1,0,0.08,0,0.08,0.08,0.08,0.3,0.3,0,0.4,0.03,0,0.03,0.03,0.03,
140,Eberechi Eze,Eberechi Eze,eng ENG,MF,Crystal Palace,22-270,1998,27,22,1961,21.8,3,3,3,0,0,3,0,0.14,0.14,0.28,0.14,0.28,1.5,1.5,1.7,3.2,0.07,0.08,0.15,0.07,0.15,
178,Vicente Guaita,Vicente Guaita,es ESP,GK,Crystal Palace,34-075,1987,29,29,2610,29,0,0,0,0,0,2,0,0,0,0,0,0,0,0,0,0,0,0,0,0,0,
238,Cheikhou Kouyaté,Cheikhou Kouyate,sn SEN,DF,Crystal Palace,31-095,1989,27,26,2313,25.7,1,0,1,0,0,0,0,0.04,0,0.04,0.04,0.04,0.8,0.8,0.1,0.9,0.03,0.01,0.04,0.03,0.04,
289,Jean-Philippe Mateta,Jean Philippe Mateta,fr FRA,FW,Crystal Palace,23-271,1997,4,2,170,1.9,1,0,1,0,0,0,0,0.53,0,0.53,0.53,0.53,0.2,0.2,0,0.2,0.08,0.01,0.09,0.08,0.09,
293,James McArthur,James McArthur,sco SCO,MF,Crystal Palace,33-170,1987,18,17,1466,16.3,0,2,0,0,0,3,0,0,0.12,0.12,0,0.12,0.2,0.2,0.9,1.1,0.01,0.05,0.07,0.01,0.07,
296,James McCarthy,James McCarthy,ie IRL,MF,Crystal Palace,30-134,1990,11,7,541,6,0,0,0,0,0,1,0,0,0,0,0,0,0,0,0.1,0.1,0,0.01,0.02,0,0.02,
306,Luka Milivojević,Luka Milivojevic,rs SRB,MF,Crystal Palace,29-353,1991,25,21,1853,20.6,1,1,0,1,1,7,1,0.05,0.05,0.1,0,0.05,1.4,0.6,1.2,1.8,0.07,0.06,0.12,0.03,0.09,
312,Tyrick Mitchell,Tyrick Mitchell,eng ENG,DF,Crystal Palace,21-206,1999,13,13,1170,13,0,0,0,0,0,1,0,0,0,0,0,0,0.1,0.1,0.3,0.4,0.01,0.03,0.03,0.01,0.03,
380,Jaïro Riedewald,Jairo Riedewald,nl NED,MF,Crystal Palace,24-198,1996,25,13,1344,14.9,2,0,2,0,0,2,0,0.13,0,0.13,0.13,0.13,0.6,0.6,0.9,1.5,0.04,0.06,0.1,0.04,0.1,
402,Mamadou Sakho,Mamadou Sakho,fr FRA,DF,Crystal Palace,31-041,1990,4,3,276,3.1,0,0,0,0,0,0,0,0,0,0,0,0,0,0,0,0,0.01,0,0.01,0.01,0.01,
411,Jeffrey Schlupp,Jeffrey Schlupp,gh GHA,MF,Crystal Palace,28-093,1992,18,12,1026,11.4,2,1,2,0,0,2,0,0.18,0.09,0.26,0.18,0.26,1.3,1.3,0.9,2.2,0.11,0.08,0.2,0.11,0.2,
454,James Tomkins,James Tomkins,eng ENG,DF,Crystal Palace,31-362,1989,5,4,388,4.3,0,0,0,0,0,1,0,0,0,0,0,0,0.1,0.1,0,0.1,0.02,0,0.02,0.02,0.02,
458,Andros Townsend,Andros Townsend,eng ENG,MFFW,Crystal Palace,29-253,1991,27,20,1805,20.1,1,4,1,0,0,0,0,0.05,0.2,0.25,0.05,0.25,1.6,1.6,2.5,4.1,0.08,0.12,0.2,0.08,0.2,
482,Joel Ward,Joel Ward,eng ENG,DF,Crystal Palace,31-148,1989,17,16,1446,16.1,0,1,0,0,0,3,0,0,0.06,0.06,0,0.06,0,0,0.4,0.4,0,0.02,0.02,0,0.02,
505,Wilfried Zaha,Wilfried Zaha,ci CIV,FW,Crystal Palace,28-136,1992,21,20,1802,20,9,2,7,2,2,4,0,0.45,0.1,0.55,0.35,0.45,6,4.5,2.3,6.8,0.3,0.11,0.41,0.23,0.34,
18,Allan,Allan,br BRA,MF,Everton,30-077,1991,16,15,1331,14.8,0,0,0,0,0,4,0,0,0,0,0,0,0.1,0.1,0.3,0.4,0.01,0.02,0.03,0.01,0.03,
60,Bernard,Bernard,br BRA,FWMF,Everton,28-199,1992,9,3,395,4.4,1,0,1,0,0,2,0,0.23,0,0.23,0.23,0.23,0.2,0.2,0.6,0.8,0.05,0.14,0.18,0.05,0.18,
79,Dominic Calvert-Lewin,Dominic Calvert Lewin,eng ENG,FW,Everton,24-010,1997,25,24,2151,23.9,14,0,14,0,0,3,0,0.59,0,0.59,0.59,0.59,12.1,12.1,1,13.2,0.51,0.04,0.55,0.51,0.55,
97,Séamus Coleman,Seamus Coleman,ie IRL,DF,Everton,32-166,1988,16,10,903,10,0,1,0,0,0,0,0,0,0.1,0.1,0,0.1,0.5,0.5,0.8,1.4,0.05,0.08,0.14,0.05,0.14,
109,Tom Davies,Tom Davies,eng ENG,MFDF,Everton,22-269,1998,18,12,969,10.8,0,1,0,0,0,2,0,0,0.09,0.09,0,0.09,0.1,0.1,1,1,0.01,0.09,0.1,0.01,0.1,
115,Fabian Delph,Fabian Delph,eng ENG,MFDF,Everton,31-125,1989,5,2,214,2.4,0,0,0,0,0,0,0,0,0,0,0,0,0,0,0,0,0.01,0.01,0.02,0.01,0.02,
123,Lucas Digne,Lucas Digne,fr FRA,DFMF,Everton,27-249,1993,20,20,1781,19.8,0,6,0,0,0,1,1,0,0.3,0.3,0,0.3,0.5,0.5,3.6,4.1,0.02,0.18,0.2,0.02,0.2,
129,Abdoulaye Doucouré,Abdoulaye Doucoure,fr FRA,MF,Everton,28-084,1993,25,25,2131,23.7,2,3,2,0,0,6,0,0.08,0.13,0.21,0.08,0.21,2,2,2.2,4.2,0.08,0.09,0.18,0.08,0.18,
168,Ben Godfrey,Ben Godfrey,eng ENG,DF,Everton,23-070,1998,21,20,1860,20.7,0,1,0,0,0,4,0,0,0.05,0.05,0,0.05,0.4,0.4,0,0.4,0.02,0,0.02,0.02,0.02,
169,André Gomes,Andre Gomes,pt POR,MF,Everton,27-239,1993,22,14,1364,15.2,0,1,0,0,0,3,0,0,0.07,0.07,0,0.07,0.3,0.3,0.5,0.8,0.02,0.03,0.05,0.02,0.05,
171,Anthony Gordon,Anthony Gordon,eng ENG,FWMF,Everton,20-030,2001,3,1,88,1,0,0,0,0,0,0,0,0,0,0,0,0,0,0,0,0,0,0.03,0.03,0,0.03,
196,Mason Holgate,Mason Holgate,eng ENG,DF,Everton,24-155,1996,18,18,1582,17.6,1,0,1,0,0,6,0,0.06,0,0.06,0.06,0.06,0.7,0.7,0.2,1,0.04,0.01,0.06,0.04,0.06,
205,Alex Iwobi,Alex Iwobi,ng NGA,FWDF,Everton,24-327,1996,25,15,1324,14.7,1,2,1,0,0,0,0,0.07,0.14,0.2,0.07,0.2,0.8,0.8,1.8,2.6,0.06,0.12,0.18,0.06,0.18,
225,Moise Kean,Moise Kean,it ITA,FW,Everton,21-026,2000,2,0,15,0.2,0,0,0,0,0,0,0,0,0,0,0,0,0,0,0,0,0.21,0,0.21,0.21,0.21,
226,Michael Keane,Michael Keane,eng ENG,DF,Everton,28-074,1993,27,25,2271,25.2,3,1,3,0,0,3,0,0.12,0.04,0.16,0.12,0.16,1.2,1.2,0.9,2,0.05,0.03,0.08,0.05,0.08,
230,Jonjoe Kenny,Jonjoe Kenny,eng ENG,DF,Everton,24-011,1997,4,1,79,0.9,0,0,0,0,0,0,0,0,0,0,0,0,0,0,0,0,0,0,0,0,0,
233,Joshua King,Joshua King,no NOR,MFFW,Everton,29-070,1992,8,0,125,1.4,0,0,0,0,0,0,0,0,0,0,0,0,0,0,0,0,0,0,0,0,0,
308,Yerry Mina,Yerry Mina,co COL,DF,Everton,26-184,1994,19,19,1637,18.2,2,0,2,0,0,1,0,0.11,0,0.11,0.11,0.11,1,1,0,1,0.06,0,0.06,0.06,0.06,
332,Niels Nkounkou,Niels Nkounkou,fr FRA,DF,Everton,20-145,2000,1,1,68,0.8,0,0,0,0,0,1,0,0,0,0,0,0,0,0,0,0,0.03,0,0.03,0.03,0.03,
341,Robin Olsen,Robin Olsen,se SWE,GK,Everton,31-077,1990,5,5,450,5,0,0,0,0,0,1,0,0,0,0,0,0,0,0,0,0,0,0,0,0,0,
359,Jordan Pickford,Jordan Pickford,eng ENG,GK,Everton,27-019,1994,23,23,2022,22.5,0,0,0,0,0,1,0,0,0,0,0,0,0,0,0,0,0,0,0,0,0,
379,Richarlison,Richarlison,br BRA,FW,Everton,23-320,1997,24,23,1983,22,6,3,5,1,1,3,1,0.27,0.14,0.41,0.23,0.36,8,7.2,2,9.3,0.36,0.09,0.45,0.33,0.42,
392,James Rodríguez,James Rodriguez,co COL,FWMF,Everton,29-257,1991,18,16,1344,14.9,5,4,5,0,0,3,0,0.33,0.27,0.6,0.33,0.6,2.6,2.6,4.2,6.8,0.18,0.28,0.46,0.18,0.46,
420,Gylfi Sigurðsson,Gylfi Sigurdsson,is ISL,MF,Everton,31-199,1989,26,16,1504,16.7,4,4,2,2,2,1,0,0.24,0.24,0.48,0.12,0.36,3.6,2.1,3.7,5.8,0.22,0.22,0.44,0.13,0.35,
457,Cenk Tosun,Cenk Tosun,tr TUR,FW,Everton,29-292,1991,5,0,48,0.5,0,0,0,0,0,1,0,0,0,0,0,0,0,0,0.1,0.1,0,0.25,0.25,0,0.25,
473,João Virgínia,Joao Virginia,pt POR,GK,Everton,21-167,1999,1,0,48,0.5,0,0,0,0,0,0,0,0,0,0,0,0,0,0,0,0,0,0,0,0,0,
478,Theo Walcott,Theo Walcott,eng ENG,FW,Everton,32-010,1989,1,0,13,0.1,0,0,0,0,0,0,0,0,0,0,0,0,0,0,0,0,0,0,0,0,0,
4,Tosin Adarabioyo,Tosin Adarabioyo,eng ENG,DF,Fulham,23-183,1997,26,26,2340,26,0,0,0,0,0,1,0,0,0,0,0,0,1,1,0.3,1.3,0.04,0.01,0.05,0.04,0.05,
7,Ola Aina,Ola Aina,ng NGA,DF,Fulham,24-169,1996,26,26,2250,25,2,1,2,0,0,2,0,0.08,0.04,0.12,0.08,0.12,0.9,0.9,1.3,2.2,0.04,0.05,0.09,0.04,0.09,
25,Joachim Andersen,Joachim Andersen,dk DEN,DF,Fulham,24-299,1996,24,24,2131,23.7,1,1,1,0,0,4,1,0.04,0.04,0.08,0.04,0.08,0.6,0.6,0.5,1,0.02,0.02,0.04,0.02,0.04,
29,Alphonse Areola,Alphonse Areola,fr FRA,GK,Fulham,28-027,1993,29,29,2610,29,0,0,0,0,0,0,0,0,0,0,0,0,0,0,0,0,0,0,0,0,0,
70,Joe Bryan,Joe Bryan,eng ENG,DFFW,Fulham,27-190,1993,12,5,468,5.2,0,0,0,0,0,2,0,0,0,0,0,0,0.1,0.1,0.2,0.3,0.03,0.03,0.06,0.03,0.06,
78,Tom Cairney,Tom Cairney,sco SCO,MF,Fulham,30-065,1991,10,9,759,8.4,1,1,1,0,0,2,0,0.12,0.12,0.24,0.12,0.24,0.7,0.7,1.4,2.1,0.08,0.17,0.25,0.08,0.25,
87,Ivan Cavaleiro,Ivan Cavaleiro,pt POR,FWMF,Fulham,27-159,1993,28,21,1901,21.1,3,0,2,1,2,2,0,0.14,0,0.14,0.09,0.09,4.9,4.2,2.4,6.6,0.23,0.11,0.35,0.2,0.31,
187,Michael Hector,Michael Hector,jm JAM,DF,Fulham,28-250,1992,4,3,263,2.9,0,0,0,0,0,2,0,0,0,0,0,0,0.1,0.1,0,0.1,0.03,0.01,0.04,0.03,0.04,
222,Aboubakar Kamara,Aboubakar Kamara,mr MTN,FWDF,Fulham,26-019,1995,11,2,315,3.5,0,0,0,0,0,1,1,0,0,0,0,0,0.4,0.4,0.4,0.8,0.11,0.11,0.22,0.11,0.22,
227,Neeskens Kebano,Neeskens Kebano,cd COD,FWMF,Fulham,29-016,1992,5,1,119,1.3,0,0,0,0,0,0,0,0,0,0,0,0,0.3,0.3,0,0.3,0.22,0,0.22,0.22,0.22,
249,Maxime Le Marchand,Maxime Le Marchand,fr FRA,DF,Fulham,31-166,1989,2,1,123,1.4,0,0,0,0,0,2,0,0,0,0,0,0,0,0,0,0,0.01,0,0.01,0.01,0.01,
250,Mario Lemina,Mario Lemina,ga GAB,MF,Fulham,27-206,1993,22,13,1184,13.2,1,0,1,0,0,3,0,0.08,0,0.08,0.08,0.08,0.8,0.8,0.7,1.5,0.06,0.05,0.11,0.06,0.11,
261,Ruben Loftus-Cheek,Ruben Loftus Cheek,eng ENG,MFFW,Fulham,25-062,1996,24,19,1661,18.5,1,0,1,0,0,3,0,0.05,0,0.05,0.05,0.05,2.9,2.9,1.4,4.3,0.16,0.08,0.23,0.16,0.23,
266,Ademola Lookman,Ademola Lookman,eng ENG,FWMF,Fulham,23-157,1997,27,25,2274,25.3,4,4,4,0,1,4,0,0.16,0.16,0.32,0.16,0.32,5.1,4.3,4.2,8.5,0.2,0.17,0.37,0.17,0.34,
278,Josh Maja,Josh Maja,ng NGA,FW,Fulham,22-089,1998,8,7,550,6.1,2,0,2,0,0,0,0,0.33,0,0.33,0.33,0.33,3.6,3.6,0.6,4.2,0.59,0.1,0.69,0.59,0.69,
313,Aleksandar Mitrović,Aleksandar Mitrovic,rs SRB,FW,Fulham,26-191,1994,23,10,1122,12.5,2,3,1,1,2,3,0,0.16,0.24,0.4,0.08,0.32,5.2,3.7,2.5,6.2,0.42,0.2,0.62,0.29,0.49,
339,Denis Odoi,Denis Odoi,be BEL,DF,Fulham,32-303,1988,3,3,270,3,0,0,0,0,0,1,0,0,0,0,0,0,0.1,0.1,0.1,0.1,0.03,0.02,0.05,0.03,0.05,
342,Josh Onomah,Josh Onomah,eng ENG,MF,Fulham,23-333,1997,6,2,163,1.8,0,0,0,0,0,1,0,0,0,0,0,0,0.2,0.2,0,0.2,0.09,0.01,0.1,0.09,0.1,
372,Tim Ream,Tim Ream,us USA,DF,Fulham,33-172,1987,5,5,450,5,0,0,0,0,0,0,0,0,0,0,0,0,0,0,0,0,0,0,0,0,0,
374,Harrison Reed,Harrison Reed,eng ENG,MF,Fulham,26-058,1995,26,22,1941,21.6,0,2,0,0,0,5,0,0,0.09,0.09,0,0.09,0.2,0.2,1.3,1.5,0.01,0.06,0.07,0.01,0.07,
376,Bobby Reid,Bobby Reid,jm JAM,FWDF,Fulham,28-052,1993,25,20,1677,18.6,5,0,5,0,0,5,0,0.27,0,0.27,0.27,0.27,4.3,4.3,0.9,5.2,0.23,0.05,0.28,0.23,0.28,
384,Antonee Robinson,Antonee Robinson,us USA,DF,Fulham,23-230,1997,24,20,1802,20,0,0,0,0,0,4,1,0,0,0,0,0,0.5,0.5,1.2,1.7,0.03,0.06,0.09,0.03,0.09,
388,Marek Rodák,Marek Rodak,sk SVK,GK,Fulham,24-103,1996,1,1,90,1,0,0,0,0,0,0,0,0,0,0,0,0,0,0,0,0,0,0,0,0,0,
450,Kenny Tete,Kenny Tete,nl NED,DF,Fulham,25-168,1995,16,13,1066,11.8,0,1,0,0,0,2,0,0,0.08,0.08,0,0.08,0.1,0.1,1.5,1.6,0.01,0.12,0.13,0.01,0.13,
506,Andre-Frank Zambo Anguissa,Andre Frank Zambo Anguissa,cm CMR,MF,Fulham,25-130,1995,29,23,2092,23.2,0,3,0,0,0,5,0,0,0.13,0.13,0,0.13,1.5,1.5,1.9,3.4,0.06,0.08,0.14,0.06,0.14,
16,Ezgjan Alioski,Ezgjan Alioski,mk MKD,DFMF,Leeds United,29-042,1992,27,20,1708,19,2,0,2,0,0,4,0,0.11,0,0.11,0.11,0.11,1.1,1.1,1.9,3,0.06,0.1,0.16,0.06,0.16,
36,Luke Ayling,Luke Ayling,eng ENG,DF,Leeds United,29-213,1991,29,29,2589,28.8,0,0,0,0,0,5,0,0,0,0,0,0,1,1,2.2,3.2,0.04,0.08,0.11,0.04,0.11,
42,Patrick Bamford,Patrick Bamford,eng ENG,FW,Leeds United,27-202,1993,29,29,2434,27,14,6,13,1,1,2,0,0.52,0.22,0.74,0.48,0.7,14.1,13.4,3.3,16.7,0.52,0.12,0.64,0.49,0.62,
81,Ian Carlo Poveda,Ian Carlo Poveda,eng ENG,MFDF,Leeds United,21-045,2000,10,0,253,2.8,0,0,0,0,0,0,0,0,0,0,0,0,0.4,0.4,0.4,0.7,0.13,0.13,0.26,0.13,0.26,
84,Kiko Casilla,Kiko Casilla,es ESP,GK,Leeds United,34-175,1986,1,1,90,1,0,0,0,0,0,0,0,0,0,0,0,0,0,0,0,0,0,0,0,0,0,
99,Liam Cooper,Liam Cooper,sco SCO,DF,Leeds United,29-208,1991,21,21,1871,20.8,1,0,1,0,0,3,0,0.05,0,0.05,0.05,0.05,1.3,1.3,0,1.3,0.06,0,0.06,0.06,0.06,
101,Hélder Costa,Helder Costa,pt POR,MF,Leeds United,27-073,1994,19,10,929,10.3,3,3,3,0,0,0,0,0.29,0.29,0.58,0.29,0.58,1.6,1.6,0.9,2.5,0.15,0.09,0.24,0.15,0.24,
105,Stuart Dallas,Stuart Dallas,nir NIR,DFMF,Leeds United,29-341,1991,29,29,2600,28.9,5,2,5,0,0,5,0,0.17,0.07,0.24,0.17,0.24,2.9,2.9,1.6,4.5,0.1,0.06,0.16,0.1,0.16,
111,Leif Davis,Leif Davis,eng ENG,DF,Leeds United,21-073,2000,2,0,33,0.4,0,0,0,0,0,0,0,0,0,0,0,0,0,0,0,0,0,0,0,0,0,
120,Raphael Dias Belloli,Raphael Dias Belloli,br BRA,MF,Leeds United,24-102,1996,24,21,1888,21,6,5,6,0,0,3,0,0.29,0.24,0.52,0.29,0.52,5.2,5.2,6,11.1,0.25,0.29,0.53,0.25,0.53,
183,Jack Harrison,Jack Harrison,eng ENG,MF,Leeds United,24-126,1996,28,26,2150,23.9,6,5,6,0,0,2,0,0.25,0.21,0.46,0.25,0.46,4.5,4.5,4.9,9.4,0.19,0.21,0.39,0.19,0.39,
192,Pablo Hernández,Pablo Hernandez,es ESP,MF,Leeds United,35-349,1985,13,2,341,3.8,0,2,0,0,0,1,0,0,0.53,0.53,0,0.53,0.9,0.9,0.6,1.6,0.24,0.17,0.41,0.24,0.41,
199,Niall Huggins,Niall Huggins,wal WAL,DF,Leeds United,20-098,2000,1,0,38,0.4,0,0,0,0,0,0,0,0,0,0,0,0,0,0,0,0,0,0,0,0,0,
234,Mateusz Klich,Mateusz Klich,pl POL,MF,Leeds United,30-286,1990,29,25,2098,23.3,3,5,1,2,2,6,0,0.13,0.21,0.34,0.04,0.26,2.9,1.4,3.6,5,0.12,0.15,0.28,0.06,0.21,
235,Robin Koch,Robin Koch,de GER,DF,Leeds United,24-252,1996,12,11,909,10.1,0,0,0,0,0,0,0,0,0,0,0,0,0.7,0.7,0.2,0.9,0.07,0.02,0.08,0.07,0.08,
257,Diego Llorente,Diego Llorente,es ESP,DF,Leeds United,27-222,1993,7,6,541,6,0,0,0,0,0,1,0,0,0,0,0,0,0.4,0.4,0.6,1,0.07,0.09,0.16,0.07,0.16,
305,Illan Meslier,Illan Meslier,fr FRA,GK,Leeds United,21-024,2000,28,28,2520,28,0,0,0,0,0,0,0,0,0,0,0,0,0,0,0.1,0.1,0,0,0,0,0,
356,Kalvin Phillips,Kalvin Phillips,eng ENG,MF,Leeds United,25-114,1995,21,21,1842,20.5,0,2,0,0,0,7,0,0,0.1,0.1,0,0.1,0.3,0.3,3.1,3.4,0.01,0.15,0.16,0.01,0.16,
382,Tyler Roberts,Tyler Roberts,wal WAL,MFFW,Leeds United,22-073,1999,18,8,841,9.3,0,2,0,0,0,2,0,0,0.21,0.21,0,0.21,1,1,0.9,1.9,0.11,0.1,0.21,0.11,0.21,
391,Rodrigo,Rodrigo,es ESP,MFFW,Leeds United,30-020,1991,20,12,1063,11.8,3,1,3,0,0,2,0,0.25,0.08,0.34,0.25,0.34,3.8,3.8,1.8,5.6,0.32,0.15,0.48,0.32,0.48,
414,Jamie Shackleton,Jamie Shackleton,eng ENG,MFDF,Leeds United,21-169,1999,12,3,460,5.1,0,0,0,0,0,0,0,0,0,0,0,0,0,0,0.3,0.3,0,0.05,0.05,0,0.05,
439,Pascal Struijk,Pascal Struijk,nl NED,DFMF,Leeds United,21-227,1999,19,17,1512,16.8,1,0,1,0,0,2,0,0.06,0,0.06,0.06,0.06,1.8,1.8,0.1,1.9,0.11,0.01,0.11,0.11,0.11,
11,Marc Albrighton,Marc Albrighton,eng ENG,FWDF,Leicester City,31-128,1989,22,12,1247,13.9,0,4,0,0,0,2,0,0,0.29,0.29,0,0.29,1,1,3.2,4.3,0.07,0.23,0.31,0.07,0.31,
23,Daniel Amartey,Daniel Amartey,gh GHA,DF,Leicester City,26-095,1994,10,6,587,6.5,1,0,1,0,0,1,0,0.15,0,0.15,0.15,0.15,0.3,0.3,0,0.3,0.05,0,0.05,0.05,0.05,
47,Harvey Barnes,Harvey Barnes,eng ENG,FWMF,Leicester City,23-107,1997,25,22,1945,21.6,9,4,9,0,0,0,0,0.42,0.19,0.6,0.42,0.6,6.2,6.2,1.5,7.7,0.29,0.07,0.35,0.29,0.35,
85,Timothy Castagne,Timothy Castagne,be BEL,DF,Leicester City,25-111,1995,18,18,1535,17.1,1,2,1,0,0,1,0,0.06,0.12,0.18,0.06,0.18,0.6,0.6,1.2,1.8,0.04,0.07,0.11,0.04,0.11,
92,Hamza Choudhury,Hamza Choudhury,eng ENG,MF,Leicester City,23-176,1997,9,4,305,3.4,0,0,0,0,0,1,0,0,0,0,0,0,0.4,0.4,0,0.4,0.11,0,0.11,0.11,0.11,
139,Jonny Evans,Jonny Evans,nir NIR,DF,Leicester City,33-082,1988,23,23,2023,22.5,0,1,0,0,0,7,0,0,0.04,0.04,0,0.04,1.3,1.3,0.1,1.4,0.06,0.01,0.06,0.06,0.06,
150,Wesley Fofana,Wesley Fofana,fr FRA,DF,Leicester City,20-099,2000,19,18,1596,17.7,0,0,0,0,0,5,0,0,0,0,0,0,0.8,0.8,0.3,1.1,0.04,0.01,0.06,0.04,0.06,
157,Christian Fuchs,Christian Fuchs,at AUT,DF,Leicester City,34-353,1986,9,8,702,7.8,0,0,0,0,0,4,0,0,0,0,0,0,0.1,0.1,0,0.1,0.01,0,0.01,0.01,0.01,
173,Demarai Gray,Demarai Gray,eng ENG,FW,Leicester City,24-271,1996,1,0,19,0.2,0,0,0,0,0,0,0,0,0,0,0,0,0.1,0.1,0,0.1,0.43,0,0.43,0.43,0.43,
202,Kelechi Iheanacho,Kelechi Iheanacho,ng NGA,FW,Leicester City,24-174,1996,16,8,727,8.1,6,0,6,0,1,0,0,0.74,0,0.74,0.74,0.74,4.6,3.8,1.7,5.5,0.57,0.21,0.78,0.47,0.68,
220,James Justin,James Justin,eng ENG,DF,Leicester City,23-031,1998,23,23,2070,23,2,1,2,0,0,4,0,0.09,0.04,0.13,0.09,0.13,1.6,1.6,1.6,3.2,0.07,0.07,0.14,0.07,0.14,
252,Khanya Leshabela,Khanya Leshabela,za RSA,MF,Leicester City,21-189,1999,1,0,10,0.1,0,0,0,0,0,0,0,0,0,0,0,0,0,0,0,0,0,0,0,0,0,
273,James Maddison,James Maddison,eng ENG,MFFW,Leicester City,24-123,1996,23,18,1628,18.1,8,5,8,0,0,4,0,0.44,0.28,0.72,0.44,0.72,3.4,3.4,3.8,7.2,0.19,0.21,0.4,0.19,0.4,
304,Nampalys Mendy,Nampalys Mendy,fr FRA,MF,Leicester City,28-276,1992,20,15,1367,15.2,0,1,0,0,0,5,0,0,0.07,0.07,0,0.07,0.1,0.1,0.3,0.4,0,0.02,0.03,0,0.03,
316,Wes Morgan,Wes Morgan,jm JAM,DF,Leicester City,37-064,1984,3,0,18,0.2,0,0,0,0,0,0,0,0,0,0,0,0,0,0,0,0,0,0,0,0,0,
326,Wilfred Ndidi,Wilfred Ndidi,ng NGA,MFDF,Leicester City,24-100,1996,17,16,1402,15.6,1,3,1,0,0,3,0,0.06,0.19,0.26,0.06,0.26,0.4,0.4,1,1.4,0.03,0.06,0.09,0.03,0.09,
354,Ricardo Pereira,Ricardo Pereira,pt POR,DFFW,Leicester City,27-171,1993,10,8,728,8.1,0,0,0,0,0,1,0,0,0,0,0,0,0.4,0.4,0.2,0.6,0.05,0.02,0.07,0.05,0.07,
355,Ayoze Pérez,Ayoze Perez,es ESP,FWMF,Leicester City,27-246,1993,17,12,963,10.7,2,0,2,0,0,1,0,0.19,0,0.19,0.19,0.19,2.4,2.4,1.1,3.5,0.22,0.1,0.33,0.22,0.33,
364,Dennis Praet,Dennis Praet,be BEL,MFFW,Leicester City,26-316,1994,13,9,654,7.3,1,1,1,0,0,0,0,0.14,0.14,0.28,0.14,0.28,0.5,0.5,0.8,1.3,0.07,0.1,0.18,0.07,0.18,
412,Kasper Schmeichel,Kasper Schmeichel,dk DEN,GK,Leicester City,34-141,1986,29,29,2610,29,0,0,0,0,0,0,0,0,0,0,0,0,0,0,0,0,0,0,0,0,0,
425,Islam Slimani,Islam Slimani,dz ALG,FW,Leicester City,32-281,1988,1,0,20,0.2,0,0,0,0,0,0,0,0,0,0,0,0,0,0,0,0.1,0.19,0.13,0.32,0.19,0.32,
432,Çağlar Söyüncü,Caglar Soyuncu,tr TUR,DF,Leicester City,24-307,1996,16,12,1189,13.2,0,0,0,0,0,2,0,0,0,0,0,0,0.2,0.2,0.1,0.4,0.02,0.01,0.03,0.02,0.03,
444,Sidnei Tavares,Sidnei Tavares,pt POR,MF,Leicester City,19-178,2001,2,1,85,0.9,0,0,0,0,0,0,0,0,0,0,0,0,0.1,0.1,0,0.1,0.07,0,0.07,0.07,0.07,
451,Luke Thomas,Luke Thomas,eng ENG,DF,Leicester City,19-289,2001,6,6,405,4.5,0,0,0,0,0,2,0,0,0,0,0,0,0.1,0.1,0,0.1,0.02,0.01,0.03,0.02,0.03,
452,Youri Tielemans,Youri Tielemans,be BEL,MF,Leicester City,23-323,1997,29,28,2547,28.3,6,3,4,2,2,6,0,0.21,0.11,0.32,0.14,0.25,3.5,2,2.1,4.1,0.13,0.07,0.2,0.07,0.15,
466,Cengiz Ünder,Cengiz Under,tr TUR,MFFW,Leicester City,23-255,1997,9,1,281,3.1,0,2,0,0,0,0,0,0,0.64,0.64,0,0.64,0.3,0.3,1.8,2,0.08,0.57,0.65,0.08,0.65,
468,Jamie Vardy,Jamie Vardy,eng ENG,FW,Leicester City,34-074,1987,25,22,2047,22.7,12,7,6,6,7,1,0,0.53,0.31,0.84,0.26,0.57,16,10.7,4.2,15,0.71,0.19,0.89,0.47,0.66,
5,Adrián,Adrian,es ESP,GK,Liverpool,34-082,1987,3,3,270,3,0,0,0,0,0,0,0,0,0,0,0,0,0,0,0,0,0,0,0,0,0,1650000
12,Thiago Alcántara,Thiago Alcantara,es ESP,MF,Liverpool,29-349,1991,15,12,1127,12.5,0,0,0,0,0,4,0,0,0,0,0,0,0.4,0.4,1.1,1.5,0.03,0.09,0.12,0.03,0.12,38500000
15,Trent Alexander-Arnold,Trent Alexander Arnold,eng ENG,DF,Liverpool,22-170,1998,27,25,2221,24.7,1,3,1,0,0,1,0,0.04,0.12,0.16,0.04,0.16,1.9,1.9,4.2,6.1,0.08,0.17,0.25,0.08,0.25,110000000
17,Alisson,Alisson,br BRA,GK,Liverpool,28-175,1992,24,24,2160,24,0,0,0,0,0,1,0,0,0,0,0,0,0,0,0,0,0,0,0,0,0,71500000
124,Virgil van Dijk,Virgil van Dijk,nl NED,DF,Liverpool,29-261,1991,5,5,370,4.1,1,0,1,0,0,1,0,0.24,0,0.24,0.24,0.24,0.3,0.3,0,0.3,0.08,0,0.08,0.08,0.08,77000000
142,Fabinho,Fabinho,br BRA,DFMF,Liverpool,27-154,1993,21,19,1757,19.5,0,0,0,0,0,5,0,0,0,0,0,0,0.3,0.3,0.4,0.7,0.01,0.02,0.03,0.01,0.03,66000000
147,Roberto Firmino,Roberto Firmino,br BRA,FW,Liverpool,29-175,1991,27,25,2146,23.8,6,5,6,0,0,1,0,0.25,0.21,0.46,0.25,0.46,10.6,10.6,3.8,14.4,0.44,0.16,0.6,0.44,0.6,60500000
170,Joe Gomez,Joe Gomez,eng ENG,DF,Liverpool,23-307,1997,7,6,590,6.6,0,0,0,0,0,0,0,0,0,0,0,0,0,0,0,0,0,0,0,0,0,38500000
190,Jordan Henderson,Jordan Henderson,eng ENG,MFDF,Liverpool,30-282,1990,21,20,1704,18.9,1,1,1,0,0,0,0,0.05,0.05,0.11,0.05,0.11,1.7,1.7,1.4,3.1,0.09,0.07,0.16,0.09,0.16,24200000
216,Curtis Jones,Curtis Jones,eng ENG,MF,Liverpool,20-055,2001,20,12,1089,12.1,1,1,1,0,0,2,0,0.08,0.08,0.17,0.08,0.17,1.4,1.4,1.1,2.4,0.11,0.09,0.2,0.11,0.2,33000000
219,Diogo Jota,Diogo Jota,pt POR,FW,Liverpool,24-112,1996,12,7,703,7.8,6,0,6,0,0,1,0,0.77,0,0.77,0.77,0.77,3,3,1.3,4.3,0.38,0.17,0.55,0.38,0.55,44000000
221,Ozan Kabak,Ozan Kabak,tr TUR,DF,Liverpool,21-001,2000,5,5,450,5,0,0,0,0,0,2,0,0,0,0,0,0,0.1,0.1,0,0.1,0.02,0,0.02,0.02,0.02,27500000
228,Naby Keïta,Naby Keita,gn GUI,MF,Liverpool,26-044,1995,10,7,520,5.8,0,0,0,0,0,1,0,0,0,0,0,0,0.5,0.5,0.8,1.3,0.09,0.14,0.23,0.09,0.23,41800000
229,Caoimhín Kelleher,Caoimhin Kelleher,ie IRL,GK,Liverpool,22-123,1998,2,2,180,2,0,0,0,0,0,0,0,0,0,0,0,0,0,0,0,0,0,0,0,0,0,2750000
279,Sadio Mané,Sadio Mane,sn SEN,FW,Liverpool,28-350,1992,26,24,2169,24.1,7,4,7,0,0,3,0,0.29,0.17,0.46,0.29,0.46,11.1,11.1,4,15.1,0.46,0.16,0.63,0.46,0.63,110000000
291,Joël Matip,Joel Matip,cm CMR,DF,Liverpool,29-230,1991,10,9,691,7.7,1,2,1,0,0,2,0,0.13,0.26,0.39,0.13,0.39,0.6,0.6,1,1.7,0.08,0.14,0.22,0.08,0.22,27500000
307,James Milner,James Milner,eng ENG,MFDF,Liverpool,35-081,1986,20,8,750,8.3,0,1,0,0,0,1,0,0,0.12,0.12,0,0.12,0.2,0.2,1.1,1.3,0.02,0.13,0.16,0.02,0.16,3300000
343,Divock Origi,Divock Origi,be BEL,FW,Liverpool,25-342,1995,9,2,186,2.1,0,0,0,0,0,0,0,0,0,0,0,0,0.9,0.9,0.2,1.1,0.44,0.11,0.55,0.44,0.55,17600000
346,Alex Oxlade-Chamberlain,Alex Oxlade Chamberlain,eng ENG,FWMF,Liverpool,27-223,1993,9,2,228,2.5,0,1,0,0,0,0,0,0,0.39,0.39,0,0.39,0.2,0.2,0.2,0.4,0.06,0.09,0.15,0.06,0.15,22000000
358,Nathaniel Phillips,Nathaniel Phillips,eng ENG,DF,Liverpool,24-005,1997,10,8,826,9.2,0,0,0,0,0,2,0,0,0,0,0,0,0.2,0.2,0.1,0.2,0.02,0.01,0.02,0.02,0.02,5500000
383,Andrew Robertson,Andrew Robertson,sco SCO,DF,Liverpool,27-015,1994,29,29,2604,28.9,1,5,1,0,0,1,0,0.03,0.17,0.21,0.03,0.21,1.3,1.3,5.2,6.4,0.04,0.18,0.22,0.04,0.22,77000000
403,Mohamed Salah,Mohamed Salah,eg EGY,FW,Liverpool,28-284,1992,28,26,2343,26,17,3,11,6,6,0,0,0.65,0.12,0.77,0.42,0.54,14.3,9.8,3.9,13.7,0.55,0.15,0.7,0.38,0.53,121000000
415,Xherdan Shaqiri,Xherdan Shaqiri,ch SUI,MFFW,Liverpool,29-167,1991,12,5,522,5.8,0,2,0,0,0,2,0,0,0.34,0.34,0,0.34,0.4,0.4,2.4,2.7,0.06,0.41,0.47,0.06,0.47,15400000
464,Kostas Tsimikas,Kostas Tsimikas,gr GRE,DF,Liverpool,24-318,1996,1,0,6,0.1,0,0,0,0,0,0,0,0,0,0,0,0,0,0,0,0,0,0,0,0,0,8800000
491,Georginio Wijnaldum,Georginio Wijnaldum,nl NED,MF,Liverpool,30-135,1990,29,27,2346,26.1,2,0,2,0,0,1,0,0.08,0,0.08,0.08,0.08,2.7,2.7,1.4,4.1,0.1,0.05,0.16,0.1,0.16,38500000
493,Neco Williams,Neco Williams,wal WAL,DF,Liverpool,19-347,2001,5,3,248,2.8,0,0,0,0,0,1,0,0,0,0,0,0,0.1,0.1,0.3,0.4,0.03,0.1,0.13,0.03,0.13,11000000
494,Rhys Williams,Rhys Williams,eng ENG,DF,Liverpool,20-051,2001,3,2,211,2.3,0,0,0,0,0,0,0,0,0,0,0,0,0,0,0.2,0.2,0.02,0.08,0.1,0.02,0.1,5500000
6,Sergio Agüero,Sergio Aguero,ar ARG,FW,Manchester City,32-297,1988,8,4,312,3.5,1,0,0,1,1,0,0,0.29,0,0.29,0,0,1.5,0.7,0.6,1.3,0.43,0.16,0.59,0.21,0.37,27500000
10,Nathan Aké,Nathan Ake,nl NED,DF,Manchester City,26-036,1995,6,5,470,5.2,1,0,1,0,0,3,0,0.19,0,0.19,0.19,0.19,0.1,0.1,0,0.1,0.01,0,0.02,0.01,0.02,38500000
80,João Cancelo,Joao Cancelo,pt POR,DF,Manchester City,26-303,1994,23,22,1947,21.6,1,3,1,0,0,4,0,0.05,0.14,0.18,0.05,0.18,1.7,1.7,4.4,6.1,0.08,0.2,0.28,0.08,0.28,55000000
113,Kevin De Bruyne,Kevin De Bruyne,be BEL,MF,Manchester City,29-271,1991,23,21,1820,20.2,5,11,3,2,3,1,0,0.25,0.54,0.79,0.15,0.69,9.5,7.3,8.3,15.6,0.47,0.41,0.88,0.36,0.77,110000000
121,Rúben Dias,Ruben Dias,pt POR,DF,Manchester City,23-316,1997,27,27,2393,26.6,1,0,1,0,0,3,0,0.04,0,0.04,0.04,0.04,2,2,0.1,2,0.07,0,0.08,0.07,0.08,77000000
134,Ederson,Ederson,br BRA,GK,Manchester City,27-221,1993,29,29,2610,29,0,1,0,0,0,2,0,0,0.03,0.03,0,0.03,0,0,0.4,0.4,0,0.02,0.02,0,0.02,61600000
145,Fernandinho,Fernandinho,br BRA,MF,Manchester City,35-326,1985,15,8,816,9.1,0,0,0,0,0,3,0,0,0,0,0,0,0.5,0.5,0.3,0.8,0.06,0.03,0.09,0.06,0.09,2750000
149,Phil Foden,Phil Foden,eng ENG,FWMF,Manchester City,20-302,2000,22,14,1340,14.9,6,5,6,0,0,0,0,0.4,0.34,0.74,0.4,0.74,4.2,4.2,3.7,7.9,0.28,0.25,0.53,0.28,0.53,77000000
160,Eric García,Eric Garcia,es ESP,DF,Manchester City,20-076,2001,4,2,217,2.4,0,0,0,0,0,0,0,0,0,0,0,0,0,0,0.1,0.1,0,0.03,0.04,0,0.04,22000000
179,İlkay Gündoğan,Ilkay Gundogan,de GER,MF,Manchester City,30-153,1990,23,20,1741,19.3,12,1,11,1,2,0,0,0.62,0.05,0.67,0.57,0.62,8.3,6.8,3.8,10.5,0.43,0.19,0.62,0.35,0.55,44000000
211,Gabriel Jesus,Gabriel Jesus,br BRA,FW,Manchester City,23-357,1997,21,15,1481,16.5,7,3,7,0,0,1,0,0.43,0.18,0.61,0.43,0.61,6.5,6.5,2.5,9,0.39,0.15,0.55,0.39,0.55,66000000
247,Aymeric Laporte,Aymeric Laporte,fr FRA,DF,Manchester City,26-303,1994,12,11,1029,11.4,0,0,0,0,0,1,0,0,0,0,0,0,0.3,0.3,0.2,0.6,0.03,0.02,0.05,0.03,0.05,55000000
275,Riyad Mahrez,Riyad Mahrez,dz ALG,FW,Manchester City,30-033,1991,23,19,1628,18.1,9,4,9,0,0,0,0,0.5,0.22,0.72,0.5,0.72,4.2,4.2,5.5,9.7,0.23,0.3,0.54,0.23,0.54,46200000
302,Benjamin Mendy,Benjamin Mendy,fr FRA,DF,Manchester City,26-252,1994,8,7,604,6.7,1,0,1,0,0,2,0,0.15,0,0.15,0.15,0.15,0.1,0.1,0,0.1,0.02,0,0.02,0.02,0.02,24200000
390,Rodri,Rodri,es ESP,MF,Manchester City,24-277,1996,27,25,2173,24.1,1,1,0,1,1,3,0,0.04,0.04,0.08,0,0.04,1.9,1.2,1.5,2.7,0.08,0.06,0.14,0.05,0.11,77000000
421,Bernardo Silva,Bernardo Silva,pt POR,MFFW,Manchester City,26-228,1994,22,20,1719,19.1,2,3,2,0,0,3,0,0.1,0.16,0.26,0.1,0.26,2.5,2.5,2.7,5.2,0.13,0.14,0.27,0.13,0.27,77000000
433,Zack Steffen,Zack Steffen,us USA,GK,Manchester City,25-358,1995,1,1,90,1,0,0,0,0,0,0,0,0,0,0,0,0,0,0,0,0,0,0,0,0,0,6600000
436,Raheem Sterling,Raheem Sterling,eng ENG,FW,Manchester City,26-108,1994,25,23,2058,22.9,9,5,9,0,1,2,0,0.39,0.22,0.61,0.39,0.61,9.8,9,3.2,12.2,0.43,0.14,0.57,0.4,0.53,110000000
438,John Stones,John Stones,eng ENG,DF,Manchester City,26-302,1994,18,18,1620,18,4,0,4,0,0,0,0,0.22,0,0.22,0.22,0.22,1.8,1.8,0.1,1.8,0.1,0,0.1,0.1,0.1,33000000
456,Ferrán Torres,Ferran Torres,es ESP,FW,Manchester City,21-025,2000,17,10,923,10.3,2,2,2,0,0,1,0,0.2,0.2,0.39,0.2,0.39,3.5,3.5,1.2,4.7,0.34,0.12,0.46,0.34,0.46,55000000
479,Kyle Walker,Kyle Walker,eng ENG,DF,Manchester City,30-302,1990,20,18,1586,17.6,1,1,1,0,0,1,0,0.06,0.06,0.11,0.06,0.11,0.2,0.2,0.5,0.8,0.01,0.03,0.04,0.01,0.04,38500000
508,Oleksandr Zinchenko,Oleksandr Zinchenko,ua UKR,DF,Manchester City,24-101,1996,14,11,1083,12,0,0,0,0,0,0,0,0,0,0,0,0,0.5,0.5,0.6,1.1,0.04,0.05,0.09,0.04,0.09,22000000
38,Eric Bailly,Eric Bailly,ci CIV,DF,Manchester Utd,26-348,1994,8,7,638,7.1,0,0,0,0,0,2,0,0,0,0,0,0,0,0,0,0,0.01,0,0.01,0.01,0.01,16500000
52,Donny van de Beek,Donny van de Beek,nl NED,MFFW,Manchester Utd,23-342,1997,13,2,322,3.6,1,0,1,0,0,1,0,0.28,0,0.28,0.28,0.28,0.3,0.3,0.1,0.4,0.07,0.03,0.11,0.07,0.11,38500000
88,Edinson Cavani,Edinson Cavani,uy URU,FW,Manchester Utd,34-040,1987,18,9,927,10.3,6,2,6,0,0,1,0,0.58,0.19,0.78,0.58,0.78,5,5,1.7,6.7,0.48,0.16,0.65,0.48,0.65,7700000
143,Bruno Fernandes,Bruno Fernandes,pt POR,MF,Manchester Utd,26-199,1994,29,28,2462,27.4,16,10,8,8,9,5,0,0.58,0.37,0.95,0.29,0.66,12.8,5.9,9.7,15.6,0.47,0.35,0.82,0.22,0.57,99000000
155,Fred,Fred,br BRA,MF,Manchester Utd,28-021,1993,23,20,1835,20.4,0,0,0,0,0,4,0,0,0,0,0,0,1,1,1.9,3,0.05,0.09,0.14,0.05,0.14,24200000
162,David de Gea,David de Gea,es ESP,GK,Manchester Utd,30-139,1990,24,24,2115,23.5,0,0,0,0,0,0,0,0,0,0,0,0,0,0,0,0,0,0,0,0,0,24200000
175,Mason Greenwood,Mason Greenwood,eng ENG,FW,Manchester Utd,19-176,2001,23,15,1294,14.4,1,1,1,0,0,1,0,0.07,0.07,0.14,0.07,0.14,3.5,3.5,1,4.5,0.25,0.07,0.31,0.25,0.31,55000000
189,Dean Henderson,Dean Henderson,eng ENG,GK,Manchester Utd,24-014,1997,6,5,495,5.5,0,0,0,0,0,2,0,0,0,0,0,0,0,0,0,0,0,0,0,0,0,22000000
208,Daniel James,Daniel James,wal WAL,FW,Manchester Utd,23-136,1997,12,9,727,8.1,3,0,3,0,0,3,0,0.37,0,0.37,0.37,0.37,1.9,1.9,0.3,2.2,0.23,0.04,0.27,0.23,0.27,19800000
254,Victor Lindelöf,Victor Lindelof,se SWE,DF,Manchester Utd,26-252,1994,22,22,1955,21.7,1,1,1,0,0,0,0,0.05,0.05,0.09,0.05,0.09,0.7,0.7,0.5,1.2,0.03,0.02,0.06,0.03,0.06,26400000
274,Harry Maguire,Harry Maguire,eng ENG,DF,Manchester Utd,28-021,1993,29,29,2610,29,2,1,2,0,0,8,0,0.07,0.03,0.1,0.07,0.1,1.7,1.7,0.3,2,0.06,0.01,0.07,0.06,0.07,44000000
284,Anthony Martial,Anthony Martial,fr FRA,FW,Manchester Utd,25-111,1995,22,17,1480,16.4,4,3,4,0,0,0,1,0.24,0.18,0.43,0.24,0.43,6.6,6.6,2,8.6,0.4,0.12,0.52,0.4,0.52,55000000
288,Juan Mata,Juan Mata,es ESP,FW,Manchester Utd,32-332,1988,7,4,338,3.8,0,2,0,0,0,0,0,0,0.53,0.53,0,0.53,0.3,0.3,0.8,1.2,0.09,0.22,0.31,0.09,0.31,6600000
290,Nemanja Matić,Nemanja Matic,rs SRB,MF,Manchester Utd,32-237,1988,15,10,915,10.2,0,0,0,0,0,2,0,0,0,0,0,0,0.3,0.3,0.3,0.6,0.03,0.03,0.06,0.03,0.06,11000000
300,Scott McTominay,Scott McTominay,sco SCO,MF,Manchester Utd,24-108,1996,25,18,1611,17.9,4,1,4,0,0,1,0,0.22,0.06,0.28,0.22,0.28,1.2,1.2,0.8,2,0.07,0.05,0.11,0.07,0.11,33000000
362,Paul Pogba,Paul Pogba,fr FRA,MFFW,Manchester Utd,28-011,1993,19,15,1349,15,3,0,3,0,0,3,0,0.2,0,0.2,0.2,0.2,1.3,1.3,1.2,2.5,0.09,0.08,0.17,0.09,0.17,66000000
371,Marcus Rashford,Marcus Rashford,eng ENG,FW,Manchester Utd,23-146,1997,29,27,2376,26.4,9,7,9,0,0,4,0,0.34,0.27,0.61,0.34,0.61,7.8,7.8,2.6,10.4,0.3,0.1,0.39,0.3,0.39,93500000
417,Luke Shaw,Luke Shaw,eng ENG,DF,Manchester Utd,25-257,1995,25,23,2024,22.5,1,5,1,0,0,6,0,0.04,0.22,0.27,0.04,0.27,0.5,0.5,4.1,4.6,0.02,0.18,0.2,0.02,0.2,27500000
419,Shola Shoretire,Shola Shoretire,eng ENG,FW,Manchester Utd,17-052,2004,1,0,2,0,0,0,0,0,0,0,0,0,0,0,0,0,0,0,0,0,0,0,0,0,0,0
449,Alex Telles,Alex Telles,br BRA,DF,Manchester Utd,28-101,1992,7,6,510,5.7,0,2,0,0,0,0,0,0,0.35,0.35,0,0.35,0.1,0.1,0.8,1,0.02,0.15,0.17,0.02,0.17,30800000
465,Axel Tuanzebe,Axel Tuanzebe,eng ENG,DF,Manchester Utd,23-132,1997,6,1,134,1.5,0,0,0,0,0,2,0,0,0,0,0,0,0,0,0,0,0,0,0,0,0,8800000
481,Aaron Wan-Bissaka,Aaron Wan Bissaka,eng ENG,DF,Manchester Utd,23-120,1997,27,27,2430,27,2,2,2,0,0,2,0,0.07,0.07,0.15,0.07,0.15,0.8,0.8,1.4,2.2,0.03,0.05,0.08,0.03,0.08,44000000
492,Brandon Williams,Brandon Williams,eng ENG,DF,Manchester Utd,20-204,2000,2,0,8,0.1,0,0,0,0,0,0,0,0,0,0,0,0,0,0,0,0,0,0,0,0,0,11000000
20,Miguel Almirón,Miguel Almiron,py PAR,MFFW,Newcastle Utd,27-044,1994,25,19,1658,18.4,4,1,4,0,0,1,0,0.22,0.05,0.27,0.22,0.27,2.4,2.4,2.2,4.6,0.13,0.12,0.25,0.13,0.25,
26,Elliot Anderson,Elliot Anderson,sco SCO,MF,Newcastle Utd,18-140,2002,1,0,4,0,0,0,0,0,0,0,0,0,0,0,0,0,0,0,0,0,0,0,0,0,0,
82,Andy Carroll,Andy Carroll,eng ENG,FW,Newcastle Utd,32-079,1989,16,4,385,4.3,1,0,1,0,0,1,0,0.23,0,0.23,0.23,0.23,1.2,1.2,0.1,1.2,0.27,0.02,0.29,0.27,0.29,
94,Ciaran Clark,Ciaran Clark,ie IRL,DF,Newcastle Utd,31-181,1989,18,17,1565,17.4,1,0,1,0,0,3,0,0.06,0,0.06,0.06,0.06,0.3,0.3,0.1,0.4,0.02,0,0.02,0.02,0.02,
107,Karl Darlow,Karl Darlow,eng ENG,GK,Newcastle Utd,30-169,1990,25,25,2250,25,0,0,0,0,0,3,0,0,0,0,0,0,0,0,0,0,0,0,0,0,0,
130,Martin Dúbravka,Martin Dubravka,sk SVK,GK,Newcastle Utd,32-070,1989,4,4,360,4,0,0,0,0,0,0,0,0,0,0,0,0,0,0,0,0,0,0,0,0,0,
131,Paul Dummett,Paul Dummett,wal WAL,DF,Newcastle Utd,29-181,1991,6,5,445,4.9,0,0,0,0,0,1,0,0,0,0,0,0,0,0,0.4,0.4,0,0.09,0.09,0,0.09,
144,Federico Fernández,Federico Fernandez,ar ARG,DF,Newcastle Utd,32-033,1989,16,16,1381,15.3,0,0,0,0,0,2,0,0,0,0,0,0,0.1,0.1,0.2,0.3,0.01,0.01,0.02,0.01,0.02,
154,Ryan Fraser,Ryan Fraser,sco SCO,FWMF,Newcastle Utd,27-030,1994,18,9,928,10.3,0,2,0,0,0,2,1,0,0.19,0.19,0,0.19,0.9,0.9,2.1,3,0.09,0.2,0.29,0.09,0.29,
161,Dwight Gayle,Dwight Gayle,eng ENG,FWMF,Newcastle Utd,30-160,1990,11,2,301,3.3,1,0,1,0,0,0,0,0.3,0,0.3,0.3,0.3,0.8,0.8,0.1,0.9,0.24,0.02,0.26,0.24,0.26,
186,Isaac Hayden,Isaac Hayden,eng ENG,MFDF,Newcastle Utd,26-004,1995,24,22,1942,21.6,0,0,0,0,0,8,0,0,0,0,0,0,0.5,0.5,0.4,0.9,0.02,0.02,0.04,0.02,0.04,
191,Jeff Hendrick,Jeff Hendrick,ie IRL,MF,Newcastle Utd,29-054,1992,19,17,1407,15.6,2,1,2,0,0,3,1,0.13,0.06,0.19,0.13,0.19,1.1,1.1,0.7,1.8,0.07,0.05,0.12,0.07,0.12,
213,Joelinton,Joelinton,br BRA,FWMF,Newcastle Utd,24-224,1996,23,17,1536,17.1,1,2,1,0,0,3,0,0.06,0.12,0.18,0.06,0.18,2.8,2.8,1.4,4.2,0.16,0.08,0.25,0.16,0.25,
240,Emil Krafth,Emil Krafth,se SWE,DF,Newcastle Utd,26-236,1994,11,9,868,9.6,0,0,0,0,0,3,0,0,0,0,0,0,0.1,0.1,0.1,0.2,0.01,0.02,0.02,0.01,0.02,
248,Jamaal Lascelles,Jamaal Lascelles,eng ENG,DF,Newcastle Utd,27-135,1993,18,18,1535,17.1,2,0,2,0,0,4,0,0.12,0,0.12,0.12,0.12,0.9,0.9,0,1,0.05,0,0.06,0.05,0.06,
253,Jamal Lewis,Jamal Lewis,nir NIR,DF,Newcastle Utd,23-060,1998,23,20,1830,20.3,0,1,0,0,0,4,0,0,0.05,0.05,0,0.05,0.2,0.2,1.6,1.8,0.01,0.08,0.09,0.01,0.09,
264,Matthew Longstaff,Matthew Longstaff,eng ENG,MF,Newcastle Utd,21-005,2000,5,4,377,4.2,0,0,0,0,0,0,0,0,0,0,0,0,0,0,0.1,0.1,0,0.02,0.02,0,0.02,
265,Sean Longstaff,Sean Longstaff,eng ENG,MFFW,Newcastle Utd,23-147,1997,13,9,841,9.3,0,0,0,0,0,2,0,0,0,0,0,0,0.6,0.6,0.2,0.8,0.06,0.03,0.09,0.06,0.09,
280,Javier Manquillo,Javier Manquillo,es ESP,DF,Newcastle Utd,26-325,1994,12,10,817,9.1,0,0,0,0,0,1,0,0,0,0,0,0,0,0,0.2,0.3,0,0.03,0.03,0,0.03,
322,Jacob Murphy,Jacob Murphy,eng ENG,DFMF,Newcastle Utd,26-030,1995,17,8,824,9.2,1,2,1,0,0,2,0,0.11,0.22,0.33,0.11,0.33,0.7,0.7,1.2,1.8,0.07,0.13,0.2,0.07,0.2,
381,Matt Ritchie,Matt Ritchie,sco SCO,DFMF,Newcastle Utd,31-197,1989,9,6,547,6.1,0,0,0,0,0,1,0,0,0,0,0,0,0.2,0.2,0.7,0.9,0.03,0.11,0.15,0.03,0.15,
399,Allan Saint-Maximin,Allan Saint Maximin,fr FRA,FWMF,Newcastle Utd,24-014,1997,16,12,956,10.6,2,3,2,0,0,0,0,0.19,0.28,0.47,0.19,0.47,1.2,1.2,2.3,3.5,0.11,0.21,0.33,0.11,0.33,
410,Fabian Schär,Fabian Schar,ch SUI,DF,Newcastle Utd,29-096,1991,16,13,1210,13.4,0,0,0,0,0,4,0,0,0,0,0,0,0.4,0.4,0,0.4,0.03,0,0.03,0.03,0.03,
418,Jonjo Shelvey,Jonjo Shelvey,eng ENG,MF,Newcastle Utd,29-027,1992,21,20,1807,20.1,1,1,1,0,0,4,0,0.05,0.05,0.1,0.05,0.1,1.7,1.7,1.6,3.4,0.09,0.08,0.17,0.09,0.17,
497,Joe Willock,Joe Willock,eng ENG,MF,Newcastle Utd,21-218,1999,7,7,589,6.5,1,0,1,0,0,0,0,0.15,0,0.15,0.15,0.15,0.9,0.9,0.7,1.5,0.13,0.11,0.24,0.13,0.24,
498,Callum Wilson,Callum Wilson,eng ENG,FW,Newcastle Utd,29-027,1992,21,21,1812,20.1,10,5,6,4,4,2,0,0.5,0.25,0.75,0.3,0.55,9.5,6.5,1.6,8.1,0.47,0.08,0.55,0.32,0.4,
503,DeAndre Yedlin,DeAndre Yedlin,us USA,DF,Newcastle Utd,27-260,1993,6,5,436,4.8,0,0,0,0,0,0,0,0,0,0,0,0,0.1,0.1,0.1,0.2,0.01,0.02,0.03,0.01,0.03,
24,Ethan Ampadu,Ethan Ampadu,wal WAL,DFMF,Sheffield Utd,20-193,2000,22,21,1871,20.8,0,0,0,0,0,2,0,0,0,0,0,0,0.3,0.3,0.9,1.3,0.02,0.04,0.06,0.02,0.06,
40,George Baldock,George Baldock,eng ENG,DF,Sheffield Utd,28-017,1993,24,24,2113,23.5,0,2,0,0,0,4,0,0,0.09,0.09,0,0.09,1.1,1.1,1.3,2.3,0.05,0.05,0.1,0.05,0.1,
49,Chris Basham,Chris Basham,eng ENG,DFMF,Sheffield Utd,32-249,1988,26,26,2126,23.6,0,1,0,0,0,3,0,0,0.04,0.04,0,0.04,0.6,0.6,0.7,1.3,0.03,0.03,0.06,0.03,0.06,
58,Sander Berge,Sander Berge,no NOR,MF,Sheffield Utd,23-040,1998,13,12,1016,11.3,1,1,0,1,1,4,0,0.09,0.09,0.18,0,0.09,1.2,0.5,1.2,1.7,0.11,0.11,0.22,0.04,0.15,
64,Jayden Bogle,Jayden Bogle,eng ENG,DF,Sheffield Utd,20-242,2000,11,8,806,9,2,0,2,0,0,2,0,0.22,0,0.22,0.22,0.22,1.4,1.4,0.2,1.5,0.15,0.02,0.17,0.15,0.17,
68,Rhian Brewster,Rhian Brewster,eng ENG,FW,Sheffield Utd,20-359,2000,20,9,864,9.6,0,0,0,0,0,0,0,0,0,0,0,0,1.4,1.4,1.3,2.7,0.15,0.14,0.28,0.15,0.28,
71,Kean Bryan,Kean Bryan,eng ENG,DF,Sheffield Utd,24-145,1996,10,9,745,8.3,1,0,1,0,0,1,0,0.12,0,0.12,0.12,0.12,0.4,0.4,0.4,0.8,0.05,0.04,0.09,0.05,0.09,
72,Oliver Burke,Oliver Burke,sco SCO,FW,Sheffield Utd,23-353,1997,19,12,1029,11.4,1,1,1,0,0,2,0,0.09,0.09,0.17,0.09,0.17,2.3,2.3,1.7,4,0.2,0.15,0.35,0.2,0.35,
136,John Egan,John Egan,ie IRL,DF,Sheffield Utd,28-157,1992,22,22,1895,21.1,0,1,0,0,0,6,1,0,0.05,0.05,0,0.05,0.4,0.4,0.2,0.6,0.02,0.01,0.03,0.02,0.03,
148,John Fleck,John Fleck,sco SCO,MF,Sheffield Utd,29-214,1991,22,20,1765,19.6,0,2,0,0,0,3,0,0,0.1,0.1,0,0.1,0.7,0.7,2,2.7,0.04,0.1,0.14,0.04,0.14,
180,Antwoine Hackford,Antwoine Hackford,eng ENG,DFFW,Sheffield Utd,17-006,2004,1,0,11,0.1,0,0,0,0,0,0,0,0,0,0,0,0,0.1,0.1,0,0.1,1.16,0,1.16,1.16,1.16,
206,Phil Jagielka,Phil Jagielka,eng ENG,DF,Sheffield Utd,38-221,1982,8,5,428,4.8,0,0,0,0,0,1,1,0,0,0,0,0,0,0,0,0,0,0,0,0,0,
267,Max Lowe,Max Lowe,eng ENG,DF,Sheffield Utd,23-319,1997,8,7,550,6.1,0,0,0,0,0,1,0,0,0,0,0,0,0.1,0.1,0.2,0.3,0.01,0.03,0.04,0.01,0.04,
271,John Lundstram,John Lundstram,eng ENG,MF,Sheffield Utd,27-036,1994,24,21,1831,20.3,0,2,0,0,1,7,1,0,0.1,0.1,0,0.1,2,1.3,1.2,2.5,0.1,0.06,0.16,0.06,0.12,
294,Oliver McBurnie,Oliver McBurnie,sco SCO,FW,Sheffield Utd,24-295,1996,21,11,1229,13.7,1,0,1,0,0,2,0,0.07,0,0.07,0.07,0.07,3,3,1.1,4,0.22,0.08,0.3,0.22,0.3,
298,David McGoldrick,David McGoldrick,ie IRL,FWMF,Sheffield Utd,33-117,1987,26,19,1622,18,6,1,6,0,0,5,0,0.33,0.06,0.39,0.33,0.39,4.9,4.9,1.1,6,0.27,0.06,0.33,0.27,0.33,
319,Lys Mousset,Lys Mousset,fr FRA,FWMF,Sheffield Utd,25-046,1996,8,2,264,2.9,0,0,0,0,0,0,0,0,0,0,0,0,0.6,0.6,0.3,1,0.22,0.11,0.32,0.22,0.32,
325,Iliman Ndiaye,Iliman Ndiaye,fr FRA,MF,Sheffield Utd,21-247,1999,1,0,12,0.1,0,0,0,0,0,0,0,0,0,0,0,0,0,0,0,0,0,0,0,0,0,
335,Oliver Norwood,Oliver Norwood,nir NIR,MF,Sheffield Utd,29-348,1991,23,17,1436,16,0,0,0,0,0,4,0,0,0,0,0,0,0.2,0.2,1.1,1.3,0.01,0.07,0.08,0.01,0.08,
336,Jack O'Connell,Jack OConnell,eng ENG,DF,Sheffield Utd,26-362,1994,2,2,180,2,0,0,0,0,0,0,0,0,0,0,0,0,0,0,0,0,0,0,0,0,0,
344,Ben Osborn,Ben Osborn,eng ENG,MFDF,Sheffield Utd,26-233,1994,15,9,911,10.1,0,0,0,0,0,1,0,0,0,0,0,0,0.2,0.2,1.4,1.6,0.02,0.14,0.16,0.02,0.16,
367,Aaron Ramsdale,Aaron Ramsdale,eng ENG,GK,Sheffield Utd,22-316,1998,29,29,2610,29,0,0,0,0,0,1,0,0,0,0,0,0,0,0,0.1,0.1,0,0,0,0,0,
386,Jack Robinson,Jack Robinson,eng ENG,DF,Sheffield Utd,27-206,1993,8,6,607,6.7,0,0,0,0,0,2,0,0,0,0,0,0,0.3,0.3,0,0.3,0.05,0,0.05,0.05,0.05,
416,Billy Sharp,Billy Sharp,eng ENG,FW,Sheffield Utd,35-049,1986,16,7,735,8.2,3,0,1,2,2,1,0,0.37,0,0.37,0.12,0.12,2.7,1.2,0.6,1.8,0.33,0.07,0.4,0.15,0.22,
437,Enda Stevens,Enda Stevens,ie IRL,DF,Sheffield Utd,30-260,1990,21,21,1890,21,0,0,0,0,0,3,0,0,0,0,0,0,0.7,0.7,0.8,1.5,0.04,0.04,0.07,0.04,0.07,
3,Che Adams,Che Adams,sco SCO,FW,Southampton,24-256,1996,28,24,2165,24.1,7,4,7,0,0,1,0,0.29,0.17,0.46,0.29,0.46,6.5,6.5,4.6,11.1,0.27,0.19,0.46,0.27,0.46,
30,Stuart Armstrong,Stuart Armstrong,sco SCO,MF,Southampton,28-361,1992,24,23,1979,22,3,4,3,0,0,3,0,0.14,0.18,0.32,0.14,0.32,2,2,2,4,0.09,0.09,0.18,0.09,0.18,
51,Jan Bednarek,Jan Bednarek,pl POL,DF,Southampton,24-348,1996,29,29,2515,27.9,1,1,1,0,0,3,1,0.04,0.04,0.07,0.04,0.07,0.9,0.9,0.3,1.2,0.03,0.01,0.04,0.03,0.04,
62,Ryan Bertrand,Ryan Bertrand,eng ENG,DF,Southampton,31-233,1989,27,27,2418,26.9,0,1,0,0,0,5,0,0,0.04,0.04,0,0.04,0.6,0.6,0.8,1.5,0.02,0.03,0.05,0.02,0.05,
118,Ibrahima Diallo,Ibrahima Diallo,fr FRA,MF,Southampton,22-018,1999,14,7,650,7.2,0,0,0,0,0,2,0,0,0,0,0,0,0.3,0.3,0.2,0.5,0.04,0.03,0.07,0.04,0.07,
126,Moussa Djenepo,Moussa Djenepo,ml MLI,MF,Southampton,22-284,1998,22,14,1106,12.3,1,0,1,0,0,4,0,0.08,0,0.08,0.08,0.08,0.9,0.9,0.5,1.4,0.07,0.04,0.11,0.07,0.11,
152,Fraser Forster,Fraser Forster,eng ENG,GK,Southampton,33-009,1988,4,4,360,4,0,0,0,0,0,0,0,0,0,0,0,0,0,0,0,0,0,0,0,0,0,
203,Danny Ings,Danny Ings,eng ENG,FW,Southampton,28-246,1992,22,20,1686,18.7,8,3,6,2,2,1,0,0.43,0.16,0.59,0.32,0.48,6.3,4.8,2.1,6.8,0.34,0.11,0.45,0.25,0.36,
210,Alexandre Jankewitz,Alexandre Jankewitz,ch SUI,MF,Southampton,19-091,2001,2,1,3,0,0,0,0,0,0,0,1,0,0,0,0,0,0,0,0,0,0,0,0,0,0,
263,Shane Long,Shane Long,ie IRL,FWMF,Southampton,34-063,1987,11,1,210,2.3,0,0,0,0,0,0,0,0,0,0,0,0,0,0,0,0,0.02,0,0.02,0.02,0.02,
295,Alex McCarthy,Alex McCarthy,eng ENG,GK,Southampton,31-113,1989,25,25,2250,25,0,0,0,0,0,2,0,0,0,0,0,0,0,0,0,0,0,0,0,0,0,
309,Takumi Minamino,Takumi Minamino,jp JPN,MFFW,Southampton,26-069,1995,6,5,410,4.6,2,0,2,0,0,0,0,0.44,0,0.44,0.44,0.44,0.7,0.7,0.2,0.9,0.15,0.05,0.2,0.15,0.2,
333,Dan Nlundulu,Dan Nlundulu,eng ENG,FW,Southampton,22-049,1999,12,0,110,1.2,0,0,0,0,0,0,0,0,0,0,0,0,0.1,0.1,0,0.1,0.08,0.02,0.1,0.08,0.1,
338,Michael Obafemi,Michael Obafemi,ie IRL,FW,Southampton,20-263,2000,1,0,14,0.2,0,0,0,0,0,0,0,0,0,0,0,0,0,0,0,0,0,0,0,0,0,
369,Kayne Ramsey,Kayne Ramsey,eng ENG,DF,Southampton,20-167,2000,1,1,90,1,0,0,0,0,0,1,0,0,0,0,0,0,0,0,0,0,0,0,0,0,0,
373,Nathan Redmond,Nathan Redmond,eng ENG,MFFW,Southampton,27-020,1994,20,10,1080,12,1,1,1,0,0,0,0,0.08,0.08,0.17,0.08,0.17,1.8,1.8,1.4,3.2,0.15,0.11,0.27,0.15,0.27,
394,Oriol Romeu,Oriol Romeu,es ESP,MF,Southampton,29-183,1991,20,20,1732,19.2,1,1,1,0,0,6,0,0.05,0.05,0.1,0.05,0.1,0.4,0.4,1.1,1.5,0.02,0.06,0.08,0.02,0.08,
404,Mohammed Salisu,Mohammed Salisu,gh GHA,DF,Southampton,21-343,1999,5,4,351,3.9,0,0,0,0,0,0,0,0,0,0,0,0,0.1,0.1,0,0.2,0.03,0.01,0.04,0.03,0.04,
426,William Smallbone,William Smallbone,ie IRL,MF,Southampton,21-033,2000,3,2,172,1.9,0,0,0,0,0,0,0,0,0,0,0,0,0.1,0.1,0,0.1,0.04,0,0.04,0.04,0.04,
435,Jack Stephens,Jack Stephens,eng ENG,DF,Southampton,27-058,1994,13,12,1087,12.1,0,0,0,0,0,2,0,0,0,0,0,0,0.3,0.3,0.4,0.7,0.03,0.03,0.06,0.03,0.06,
447,Allan Tchaptchet,Allan Tchaptchet,fr FRA,DF,Southampton,19-095,2001,1,0,13,0.1,0,0,0,0,0,0,0,0,0,0,0,0,0,0,0,0,0,0,0,0,0,
448,Nathan Tella,Nathan Tella,eng ENG,FWMF,Southampton,21-264,1999,11,3,448,5,0,0,0,0,0,2,0,0,0,0,0,0,0.5,0.5,0,0.5,0.11,0,0.11,0.11,0.11,
467,Yan Valery,Yan Valery,fr FRA,DFMF,Southampton,22-032,1999,3,1,103,1.1,0,0,0,0,0,0,0,0,0,0,0,0,0.3,0.3,0,0.3,0.27,0,0.27,0.27,0.27,
470,Jannik Vestergaard,Jannik Vestergaard,dk DEN,DF,Southampton,28-235,1992,21,20,1845,20.5,3,0,3,0,0,2,0,0.15,0,0.15,0.15,0.15,1.8,1.8,0.4,2.3,0.09,0.02,0.11,0.09,0.11,
475,Jake Vokins,Jake Vokins,eng ENG,DF,Southampton,21-009,2000,1,1,66,0.7,0,0,0,0,0,0,0,0,0,0,0,0,0,0,0.2,0.2,0,0.22,0.22,0,0.22,
477,Theo Walcott,Theo Walcott,eng ENG,MFFW,Southampton,32-010,1989,15,15,1234,13.7,2,2,2,0,0,0,0,0.15,0.15,0.29,0.15,0.29,2.6,2.6,0.8,3.4,0.19,0.06,0.25,0.19,0.25,
480,Kyle Walker-Peters,Kyle Walker Peters,eng ENG,DF,Southampton,23-347,1997,21,21,1870,20.8,0,1,0,0,0,4,0,0,0.05,0.05,0,0.05,0.2,0.2,0.5,0.7,0.01,0.02,0.03,0.01,0.03,
483,James Ward-Prowse,James Ward Prowse,eng ENG,MF,Southampton,26-145,1994,29,29,2610,29,7,5,5,2,2,4,0,0.24,0.17,0.41,0.17,0.34,3.2,1.6,3,4.6,0.11,0.1,0.21,0.06,0.16,
485,Caleb Watts,Caleb Watts,au AUS,MFFW,Southampton,19-069,2002,3,0,39,0.4,0,0,0,0,0,1,0,0,0,0,0,0,0,0,0,0,0,0,0,0,0,
13,Toby Alderweireld,Toby Alderweireld,be BEL,DF,Tottenham,32-024,1989,18,18,1610,17.9,1,0,1,0,0,2,0,0.06,0,0.06,0.06,0.06,0.4,0.4,0.2,0.7,0.02,0.01,0.04,0.02,0.04,16500000
19,Dele Alli,Dele Alli,eng ENG,MF,Tottenham,24-349,1996,9,2,238,2.6,0,0,0,0,0,0,0,0,0,0,0,0,0.5,0.5,0.2,0.7,0.19,0.07,0.25,0.19,0.25,35200000
33,Serge Aurier,Serge Aurier,ci CIV,DF,Tottenham,28-092,1992,14,14,1155,12.8,2,1,2,0,0,0,0,0.16,0.08,0.23,0.16,0.23,1,1,1.5,2.6,0.08,0.12,0.2,0.08,0.2,22000000
41,Gareth Bale,Gareth Bale,wal WAL,FW,Tottenham,31-253,1989,12,6,556,6.2,5,2,5,0,0,1,0,0.81,0.32,1.13,0.81,1.13,3,3,0.9,3.9,0.48,0.14,0.62,0.48,0.62,22000000
59,Steven Bergwijn,Steven Bergwijn,nl NED,FWMF,Tottenham,23-169,1997,17,11,1046,11.6,0,2,0,0,0,2,0,0,0.17,0.17,0,0.17,1.7,1.7,1.1,2.8,0.15,0.1,0.24,0.15,0.24,27500000
108,Ben Davies,Ben Davies,wal WAL,DF,Tottenham,27-336,1993,20,14,1346,15,0,1,0,0,0,1,0,0,0.07,0.07,0,0.07,0.2,0.2,0.6,0.9,0.01,0.04,0.06,0.01,0.06,17600000
122,Eric Dier,Eric Dier,eng ENG,DF,Tottenham,27-070,1994,21,21,1890,21,0,0,0,0,0,2,0,0,0,0,0,0,0.5,0.5,0.2,0.8,0.03,0.01,0.04,0.03,0.04,27500000
127,Matt Doherty,Matt Doherty,ie IRL,DF,Tottenham,29-069,1992,15,12,1142,12.7,0,2,0,0,0,4,1,0,0.16,0.16,0,0.16,0.3,0.3,0.7,1,0.03,0.05,0.08,0.03,0.08,19800000
193,Son Heung-min,Son Heung min,kr KOR,FW,Tottenham,28-261,1992,28,28,2350,26.1,13,9,13,0,0,0,0,0.5,0.34,0.84,0.5,0.84,7.8,7.8,7.5,15.3,0.3,0.29,0.59,0.3,0.59,93500000
200,Pierre Højbjerg,Pierre Hojbjerg,dk DEN,MF,Tottenham,25-233,1995,29,29,2610,29,1,3,1,0,0,6,0,0.03,0.1,0.14,0.03,0.14,0.6,0.6,1.3,1.9,0.02,0.04,0.07,0.02,0.07,38500000
223,Harry Kane,Harry Kane,eng ENG,FW,Tottenham,27-241,1993,27,27,2363,26.3,17,13,13,4,4,1,0,0.65,0.5,1.14,0.5,0.99,14.9,11.9,6.3,18.2,0.57,0.24,0.81,0.45,0.69,132000000
244,Érik Lamela,Erik Lamela,ar ARG,FWMF,Tottenham,29-022,1992,17,5,601,6.7,1,0,1,0,0,6,1,0.15,0,0.15,0.15,0.15,1.1,1.1,0.9,1.9,0.16,0.13,0.29,0.16,0.29,17600000
258,Hugo Lloris,Hugo Lloris,fr FRA,GK,Tottenham,34-090,1986,29,29,2610,29,0,0,0,0,0,0,0,0,0,0,0,0,0,0,0,0,0,0,0,0,0,9900000
259,Giovani Lo Celso,Giovani Lo Celso,ar ARG,MF,Tottenham,24-351,1996,12,5,504,5.6,1,1,1,0,0,4,0,0.18,0.18,0.36,0.18,0.36,0.8,0.8,1,1.9,0.15,0.18,0.33,0.15,0.33,33000000
318,Lucas Moura,Lucas Moura,br BRA,FWMF,Tottenham,28-225,1992,24,11,1103,12.3,3,3,3,0,0,0,0,0.24,0.24,0.49,0.24,0.49,1.9,1.9,1.7,3.5,0.15,0.13,0.29,0.15,0.29,27500000
327,Tanguy Ndombele,Tanguy Ndombele,fr FRA,MF,Tottenham,24-088,1996,26,24,1752,19.5,3,1,3,0,0,2,0,0.15,0.05,0.21,0.15,0.21,1.2,1.2,2,3.2,0.06,0.1,0.17,0.06,0.17,55000000
375,Sergio Reguilón,Sergio Reguilon,es ESP,DF,Tottenham,24-100,1996,18,17,1461,16.2,0,3,0,0,0,4,0,0,0.18,0.18,0,0.18,1.2,1.2,1.3,2.5,0.08,0.08,0.16,0.08,0.16,27500000
389,Joe Rodon,Joe Rodon,wal WAL,DF,Tottenham,23-155,1997,8,5,462,5.1,0,0,0,0,0,0,0,0,0,0,0,0,0,0,0,0,0,0,0,0,0,11000000
405,Davinson Sánchez,Davinson Sanchez,co COL,DF,Tottenham,24-287,1996,16,15,1306,14.5,0,0,0,0,0,1,0,0,0,0,0,0,1.1,1.1,0,1.1,0.07,0,0.07,0.07,0.07,38500000
424,Moussa Sissoko,Moussa Sissoko,fr FRA,MF,Tottenham,31-222,1989,22,14,1463,16.3,0,0,0,0,0,2,0,0,0,0,0,0,0.3,0.3,0.5,0.8,0.02,0.03,0.05,0.02,0.05,14300000
440,Japhet Tanganga,Japhet Tanganga,eng ENG,DF,Tottenham,21-360,1999,3,3,225,2.5,0,0,0,0,0,0,0,0,0,0,0,0,0,0,0,0,0,0,0,0,0,8800000
472,Carlos Vinícius,Carlos Vinicius,br BRA,FW,Tottenham,26-001,1995,8,2,263,2.9,1,0,1,0,0,2,0,0.34,0,0.34,0.34,0.34,1.4,1.4,0.1,1.5,0.47,0.04,0.51,0.47,0.51,22000000
499,Harry Winks,Harry Winks,eng ENG,MF,Tottenham,25-052,1996,10,7,637,7.1,0,0,0,0,0,4,0,0,0,0,0,0,0,0,0.3,0.3,0.01,0.04,0.04,0.01,0.04,24200000
9,Semi Ajayi,Semi Ajayi,ng NGA,DF,West Brom,27-137,1993,24,24,2099,23.3,2,0,2,0,0,3,1,0.09,0,0.09,0.09,0.09,0.5,0.5,0.1,0.6,0.02,0,0.02,0.02,0.02,
34,Charlie Austin,Charlie Austin,eng ENG,FW,West Brom,31-264,1989,5,0,138,1.5,0,0,0,0,0,0,0,0,0,0,0,0,0.2,0.2,0,0.2,0.13,0,0.13,0.13,0.13,
48,Kyle Bartley,Kyle Bartley,eng ENG,DF,West Brom,29-308,1991,21,19,1780,19.8,3,1,3,0,0,3,0,0.15,0.05,0.2,0.15,0.2,1.8,1.8,0.1,1.9,0.09,0.01,0.1,0.09,0.1,
74,David Button,David Button,eng ENG,GK,West Brom,32-027,1989,1,1,90,1,0,0,0,0,0,0,0,0,0,0,0,0,0,0,0,0,0,0,0,0,0,
117,Mbaye Diagne,Mbaye Diagne,sn SEN,FW,West Brom,29-149,1991,9,8,727,8.1,1,1,1,0,0,1,0,0.12,0.12,0.25,0.12,0.25,3.6,3.6,0.5,4.2,0.45,0.07,0.52,0.45,0.52,
119,Grady Diangana,Grady Diangana,eng ENG,MFFW,West Brom,22-341,1998,16,14,1088,12.1,1,0,1,0,0,0,0,0.08,0,0.08,0.08,0.08,1,1,0.1,1.1,0.08,0.01,0.09,0.08,0.09,
135,Kyle Edwards,Kyle Edwards,eng ENG,MFFW,West Brom,23-037,1998,5,1,118,1.3,0,0,0,0,0,0,0,0,0,0,0,0,0.1,0.1,0,0.1,0.11,0,0.11,0.11,0.11,
146,Sam Field,Sam Field,eng ENG,MF,West Brom,22-322,1998,3,0,62,0.7,0,0,0,0,0,0,0,0,0,0,0,0,0,0,0,0,0,0,0,0,0,
158,Darnell Furlong,Darnell Furlong,eng ENG,DF,West Brom,25-146,1995,26,23,2122,23.6,1,2,1,0,0,4,0,0.04,0.08,0.13,0.04,0.13,1.1,1.1,1.9,2.9,0.05,0.08,0.12,0.05,0.12,
159,Conor Gallagher,Conor Gallagher,eng ENG,MF,West Brom,21-048,2000,23,22,1972,21.9,2,2,2,0,0,8,0,0.09,0.09,0.18,0.09,0.18,1.3,1.3,0.9,2.2,0.06,0.04,0.1,0.06,0.1,
164,Kieran Gibbs,Kieran Gibbs,eng ENG,DF,West Brom,31-181,1989,10,9,809,9,0,0,0,0,0,1,1,0,0,0,0,0,0,0,0.3,0.3,0.01,0.03,0.04,0.01,0.04,
172,Karlan Grant,Karlan Grant,eng ENG,FWMF,West Brom,23-189,1997,17,14,1086,12.1,1,0,1,0,0,1,0,0.08,0,0.08,0.08,0.08,2.1,2.1,0,2.1,0.18,0,0.18,0.18,0.18,
177,Kamil Grosicki,Kamil Grosicki,pl POL,FWMF,West Brom,32-291,1988,3,2,148,1.6,0,1,0,0,0,0,0,0,0.61,0.61,0,0.61,0.1,0.1,0.1,0.2,0.06,0.07,0.13,0.06,0.13,
182,Rekeem Harper,Rekeem Harper,eng ENG,MF,West Brom,21-018,2000,2,0,32,0.4,0,0,0,0,0,0,0,0,0,0,0,0,0,0,0,0,0.12,0,0.12,0.12,0.12,
188,Ahmed Hegazi,Ahmed Hegazi,eg EGY,DF,West Brom,30-060,1991,1,1,90,1,0,0,0,0,0,0,0,0,0,0,0,0,0,0,0,0,0,0,0,0,0,
204,Branislav Ivanović,Branislav Ivanovic,rs SRB,DF,West Brom,37-032,1984,12,8,754,8.4,0,0,0,0,0,2,0,0,0,0,0,0,0.6,0.6,0.1,0.6,0.07,0.01,0.07,0.07,0.07,
215,Sam Johnstone,Sam Johnstone,eng ENG,GK,West Brom,28-001,1993,28,28,2520,28,0,0,0,0,0,0,0,0,0,0,0,0,0,0,0,0,0,0,0,0,0,
241,Filip Krovinović,Filip Krovinovic,hr CRO,MF,West Brom,25-209,1995,11,5,546,6.1,0,0,0,0,0,0,0,0,0,0,0,0,0.2,0.2,0.3,0.5,0.04,0.05,0.09,0.04,0.09,
256,Jake Livermore,Jake Livermore,eng ENG,MF,West Brom,31-132,1989,16,15,1224,13.6,0,0,0,0,0,2,1,0,0,0,0,0,0.2,0.2,0.2,0.5,0.02,0.02,0.04,0.02,0.04,
277,Ainsley Maitland-Niles,Ainsley Maitland Niles,eng ENG,MF,West Brom,23-209,1997,7,7,630,7,0,0,0,0,0,1,0,0,0,0,0,0,0.3,0.3,0.4,0.7,0.04,0.06,0.1,0.04,0.1,
337,Dara O'Shea,Dara OShea,ie IRL,DF,West Brom,22-022,1999,22,20,1803,20,0,0,0,0,0,3,0,0,0,0,0,0,0.2,0.2,0.1,0.3,0.01,0.01,0.02,0.01,0.02,
351,Lee Peltier,Lee Peltier,eng ENG,DF,West Brom,34-105,1986,4,3,229,2.5,0,0,0,0,0,1,0,0,0,0,0,0,0,0,0,0,0,0,0,0,0,
353,Matheus Pereira,Matheus Pereira,br BRA,MFFW,West Brom,24-325,1996,25,22,1875,20.8,5,3,3,2,2,2,1,0.24,0.14,0.38,0.14,0.29,3.8,2.3,2.9,5.1,0.18,0.14,0.32,0.11,0.25,
357,Matt Phillips,Matt Phillips,sco SCO,MFDF,West Brom,30-013,1991,24,13,1118,12.4,1,1,1,0,0,1,0,0.08,0.08,0.16,0.08,0.16,1.5,1.5,1.6,3.1,0.12,0.13,0.25,0.12,0.25,
385,Callum Robinson,Callum Robinson,ie IRL,FWMF,West Brom,26-052,1995,21,15,1184,13.2,2,0,2,0,0,0,0,0.15,0,0.15,0.15,0.15,1.7,1.7,0.6,2.3,0.13,0.04,0.17,0.13,0.17,
387,Hal Robson-Kanu,Hal Robson Kanu,wal WAL,FWMF,West Brom,31-309,1989,13,0,281,3.1,0,0,0,0,0,1,0,0,0,0,0,0,0.1,0.1,0.2,0.3,0.04,0.06,0.1,0.04,0.1,
408,Romaine Sawyers,Romaine Sawyers,kn SKN,MF,West Brom,29-144,1991,19,17,1487,16.5,0,0,0,0,0,2,0,0,0,0,0,0,0.1,0.1,0.4,0.5,0.01,0.02,0.03,0.01,0.03,
428,Robert Snodgrass,Robert Snodgrass,sco SCO,MFFW,West Brom,33-200,1987,8,6,526,5.8,0,0,0,0,0,2,0,0,0,0,0,0,0.2,0.2,0.3,0.5,0.03,0.06,0.09,0.03,0.09,
459,Conor Townsend,Conor Townsend,eng ENG,DF,West Brom,28-022,1993,16,16,1424,15.8,0,0,0,0,0,0,0,0,0,0,0,0,0.4,0.4,1.1,1.5,0.02,0.07,0.1,0.02,0.1,
504,Okay Yokuşlu,Okay Yokuslu,tr TUR,MF,West Brom,27-017,1994,7,6,529,5.9,0,0,0,0,0,1,0,0,0,0,0,0,0.1,0.1,0.3,0.5,0.02,0.05,0.08,0.02,0.08,
27,Felipe Anderson,Felipe Anderson,br BRA,FWMF,West Ham,27-345,1993,2,0,3,0,0,0,0,0,0,0,0,0,0,0,0,0,0,0,0,0,0,0,0,0,0,
28,Michail Antonio,Michail Antonio,eng ENG,FW,West Ham,30-363,1990,20,18,1511,16.8,7,5,7,0,0,3,0,0.42,0.3,0.71,0.42,0.71,9.2,9.2,2,11.2,0.55,0.12,0.67,0.55,0.67,
39,Fabián Balbuena,Fabian Balbuena,py PAR,DF,West Ham,29-215,1991,12,12,1080,12,1,0,1,0,0,1,0,0.08,0,0.08,0.08,0.08,0.6,0.6,0,0.6,0.05,0,0.05,0.05,0.05,
54,Saïd Benrahma,Said Benrahma,dz ALG,MFFW,West Ham,25-228,1995,21,11,1064,11.8,0,4,0,0,0,0,0,0,0.34,0.34,0,0.34,1.7,1.7,2.8,4.5,0.14,0.24,0.38,0.14,0.38,
66,Jarrod Bowen,Jarrod Bowen,eng ENG,FWMF,West Ham,24-096,1996,29,25,2018,22.4,6,3,6,0,0,0,0,0.27,0.13,0.4,0.27,0.4,4.9,4.9,2.5,7.3,0.22,0.11,0.33,0.22,0.33,
102,Vladimír Coufal,Vladimir Coufal,cz CZE,DF,West Ham,28-216,1992,25,25,2244,24.9,0,3,0,0,0,3,0,0,0.12,0.12,0,0.12,1,1,3,4,0.04,0.12,0.16,0.04,0.16,
103,Aaron Cresswell,Aaron Cresswell,eng ENG,DF,West Ham,31-101,1989,29,29,2610,29,0,7,0,0,0,2,0,0,0.24,0.24,0,0.24,0.8,0.8,4.3,5.1,0.03,0.15,0.18,0.03,0.18,
112,Craig Dawson,Craig Dawson,eng ENG,DF,West Ham,30-324,1990,14,14,1260,14,3,0,3,0,0,0,0,0.21,0,0.21,0.21,0.21,1.5,1.5,0,1.5,0.1,0,0.11,0.1,0.11,
125,Issa Diop,Issa Diop,fr FRA,DF,West Ham,24-076,1997,10,9,838,9.3,1,0,1,0,0,2,0,0.11,0,0.11,0.11,0.11,0.2,0.2,0,0.2,0.02,0,0.02,0.02,0.02,
141,Łukasz Fabiański,Lukasz Fabianski,pl POL,GK,West Ham,35-342,1985,27,27,2430,27,0,0,0,0,0,2,0,0,0,0,0,0,0,0,0,0,0,0,0,0,0,
151,Pablo Fornals,Pablo Fornals,es ESP,FWMF,West Ham,25-032,1996,24,22,1799,20,2,3,2,0,0,3,0,0.1,0.15,0.25,0.1,0.25,4,4,1.9,5.9,0.2,0.1,0.3,0.2,0.3,
156,Ryan Fredericks,Ryan Fredericks,eng ENG,DFFW,West Ham,28-167,1992,11,5,454,5,1,1,1,0,0,2,0,0.2,0.2,0.4,0.2,0.4,0.2,0.2,1.2,1.4,0.04,0.24,0.28,0.04,0.28,
181,Sébastien Haller,Sebastien Haller,ci CIV,FW,West Ham,26-277,1994,16,10,937,10.4,3,0,3,0,0,0,0,0.29,0,0.29,0.29,0.29,2.9,2.9,1.2,4.1,0.28,0.12,0.4,0.28,0.4,
214,Ben Johnson,Ben Johnson,eng ENG,DF,West Ham,21-061,2000,10,4,393,4.4,1,0,1,0,0,1,0,0.23,0,0.23,0.23,0.23,0.3,0.3,0,0.3,0.08,0,0.08,0.08,0.08,
246,Manuel Lanzini,Manuel Lanzini,ar ARG,MFFW,West Ham,28-039,1993,13,3,408,4.5,1,1,1,0,0,1,0,0.22,0.22,0.44,0.22,0.44,1.2,1.2,0.7,1.9,0.26,0.17,0.42,0.26,0.42,
255,Jesse Lingard,Jesse Lingard,eng ENG,MFFW,West Ham,28-101,1992,7,7,615,6.8,5,2,5,0,1,1,0,0.73,0.29,1.02,0.73,1.02,2.4,1.5,0.5,1.9,0.35,0.07,0.42,0.22,0.29,
287,Arthur Masuaku,Arthur Masuaku,cd COD,DF,West Ham,27-139,1993,10,10,850,9.4,0,1,0,0,0,1,0,0,0.11,0.11,0,0.11,0.3,0.3,1.6,1.9,0.03,0.17,0.2,0.03,0.2,
334,Mark Noble,Mark Noble,eng ENG,MF,West Ham,33-322,1987,16,4,392,4.4,0,0,0,0,0,1,0,0,0,0,0,0,0,0,0.1,0.1,0,0.02,0.02,0,0.02,
340,Angelo Ogbonna,Angelo Ogbonna,it ITA,DF,West Ham,32-307,1988,23,23,2042,22.7,2,0,2,0,0,4,0,0.09,0,0.09,0.09,0.09,1,1,1,2,0.04,0.05,0.09,0.04,0.09,
370,Darren Randolph,Darren Randolph,ie IRL,GK,West Ham,33-318,1987,2,2,180,2,0,0,0,0,0,0,0,0,0,0,0,0,0,0,0,0,0,0,0,0,0,
377,Declan Rice,Declan Rice,eng ENG,MF,West Ham,22-071,1999,29,29,2610,29,1,1,0,1,1,2,0,0.03,0.03,0.07,0,0.03,2,1.3,2,3.3,0.07,0.07,0.14,0.04,0.11,
429,Robert Snodgrass,Robert Snodgrass,sco SCO,FWDF,West Ham,33-200,1987,3,0,5,0.1,0,0,0,0,0,0,0,0,0,0,0,0,0,0,0,0,0,0,0,0,0,
431,Tomáš Souček,Tomas Soucek,cz CZE,MF,West Ham,26-027,1995,29,29,2609,29,9,0,9,0,0,4,1,0.31,0,0.31,0.31,0.31,7.2,7.2,1.1,8.3,0.25,0.04,0.29,0.25,0.29,
502,Andriy Yarmolenko,Andriy Yarmolenko,ua UKR,FWMF,West Ham,31-154,1989,14,1,357,4,0,1,0,0,0,3,0,0,0.25,0.25,0,0.25,0.4,0.4,1,1.4,0.11,0.24,0.35,0.11,0.35,
8,Rayan Aït Nouri,Rayan Ait Nouri,fr FRA,DF,Wolves,19-293,2001,13,8,702,7.8,1,1,1,0,0,0,0,0.13,0.13,0.26,0.13,0.26,0.3,0.3,0.7,1.1,0.04,0.09,0.14,0.04,0.14,
65,Willy Boly,Willy Boly,ci CIV,DF,Wolves,30-051,1991,17,17,1530,17,1,1,1,0,0,1,0,0.06,0.06,0.12,0.06,0.12,1,1,0.4,1.4,0.06,0.02,0.08,0.06,0.08,
75,Oskar Buur,Oskar Buur,dk DEN,DF,Wolves,22-360,1998,1,0,22,0.2,0,0,0,0,0,0,0,0,0,0,0,0,0,0,0,0,0,0,0,0,0,
86,Jonny Castro,Jonny Castro,es ESP,DF,Wolves,27-023,1994,7,7,495,5.5,0,0,0,0,0,0,0,0,0,0,0,0,0,0,0.1,0.2,0.01,0.03,0.03,0.01,0.03,
96,Conor Coady,Conor Coady,eng ENG,DF,Wolves,28-029,1993,28,28,2493,27.7,1,0,1,0,0,4,0,0.04,0,0.04,0.04,0.04,1.2,1.2,0.1,1.3,0.04,0,0.05,0.04,0.05,
104,Patrick Cutrone,Patrick Cutrone,it ITA,FWMF,Wolves,23-082,1998,2,0,25,0.3,0,0,0,0,0,0,0,0,0,0,0,0,0.2,0.2,0,0.2,0.61,0,0.61,0.61,0.61,
116,Leander Dendoncker,Leander Dendoncker,be BEL,MFDF,Wolves,25-345,1995,24,21,1879,20.9,0,0,0,0,0,3,0,0,0,0,0,0,2.8,2.8,0.7,3.5,0.13,0.03,0.17,0.13,0.17,
165,Morgan Gibbs-White,Morgan Gibbs White,eng ENG,FWMF,Wolves,21-058,2000,4,1,104,1.2,0,0,0,0,0,0,0,0,0,0,0,0,0,0,0.1,0.1,0,0.08,0.08,0,0.08,
194,Ki-Jana Hoever,Ki Jana Hoever,nl NED,DF,Wolves,19-067,2002,9,3,396,4.4,0,0,0,0,0,1,0,0,0,0,0,0,0.1,0.1,0.1,0.2,0.02,0.02,0.04,0.02,0.04,
212,Raúl Jiménez,Raul Jimenez,mx MEX,FW,Wolves,29-325,1991,10,10,823,9.1,4,0,4,0,0,0,0,0.44,0,0.44,0.44,0.44,2.4,2.4,0.8,3.1,0.26,0.08,0.34,0.26,0.34,
218,Willian José,Willian Jose,br BRA,FW,Wolves,29-123,1991,9,8,659,7.3,0,0,0,0,0,0,0,0,0,0,0,0,0.6,0.6,0.3,0.9,0.09,0.04,0.12,0.09,0.12,
232,Max Kilman,Max Kilman,eng ENG,DF,Wolves,23-307,1997,15,12,1121,12.5,0,1,0,0,0,3,0,0,0.08,0.08,0,0.08,0.4,0.4,0.5,0.9,0.03,0.04,0.08,0.03,0.08,
281,Fernando Marçal,Fernando Marcal,br BRA,DF,Wolves,32-035,1989,12,7,615,6.8,0,0,0,0,0,2,0,0,0,0,0,0,0.1,0.1,0.1,0.2,0.01,0.02,0.03,0.01,0.03,
320,João Moutinho,Joao Moutinho,pt POR,MF,Wolves,34-199,1986,27,23,2030,22.6,1,1,1,0,0,5,1,0.04,0.04,0.09,0.04,0.09,0.5,0.5,2.1,2.6,0.02,0.09,0.11,0.02,0.11,
329,Pedro Neto,Pedro Neto,pt POR,FWMF,Wolves,21-017,2000,29,28,2429,27,5,5,5,0,0,4,0,0.19,0.19,0.37,0.19,0.37,3.9,3.9,5.6,9.5,0.14,0.21,0.35,0.14,0.35,
330,Rúben Neves,Ruben Neves,pt POR,MF,Wolves,24-013,1997,28,24,2079,23.1,5,1,2,3,3,6,0,0.22,0.04,0.26,0.09,0.13,4.8,2.5,1.6,4.1,0.21,0.07,0.27,0.11,0.18,
345,Owen Otasowie,Owen Otasowie,us USA,MF,Wolves,19-340,2001,5,1,117,1.3,0,1,0,0,0,1,0,0,0.77,0.77,0,0.77,0.4,0.4,0.1,0.6,0.33,0.11,0.44,0.33,0.44,
349,Rui Patrício,Rui Patricio,pt POR,GK,Wolves,33-039,1988,29,29,2609,29,0,0,0,0,0,1,0,0,0,0,0,0,0,0,0,0,0,0,0,0,0,
361,Daniel Podence,Daniel Podence,pt POR,FWMF,Wolves,25-156,1995,18,17,1316,14.6,3,2,3,0,0,2,0,0.21,0.14,0.34,0.21,0.34,2.6,2.6,1.2,3.8,0.18,0.08,0.26,0.18,0.26,
395,John Ruddy,John Ruddy,eng ENG,GK,Wolves,34-153,1986,1,0,1,0,0,0,0,0,0,0,0,0,0,0,0,0,0,0,0,0,0,0,0,0,0,
400,Romain Saïss,Romain Saiss,ma MAR,DF,Wolves,31-000,1990,20,20,1777,19.7,3,0,3,0,0,2,0,0.15,0,0.15,0.15,0.15,2.3,2.3,0.2,2.5,0.12,0.01,0.13,0.12,0.13,
413,Nélson Semedo,Nelson Semedo,pt POR,DF,Wolves,27-130,1993,26,26,2296,25.5,0,1,0,0,0,4,0,0,0.04,0.04,0,0.04,1.4,1.4,0.7,2.1,0.05,0.03,0.08,0.05,0.08,
422,Fábio Silva,Fabio Silva,pt POR,FW,Wolves,18-250,2002,23,6,823,9.1,2,0,1,1,1,2,0,0.22,0,0.22,0.11,0.11,4.1,3.3,0.4,3.7,0.45,0.04,0.49,0.36,0.4,
460,Adama Traoré,Adama Traore,es ESP,FW,Wolves,25-060,1996,28,20,1963,21.8,0,0,0,0,0,3,0,0,0,0,0,0,1.2,1.2,3.9,5.1,0.05,0.18,0.23,0.05,0.23,
471,Rúben Vinagre,Ruben Vinagre,pt POR,DF,Wolves,21-351,1999,2,1,173,1.9,0,0,0,0,0,0,0,0,0,0,0,0,0,0,0,0,0,0,0,0,0,
474,Vitinha,Vitinha,pt POR,MF,Wolves,21-041,2000,12,2,232,2.6,0,1,0,0,0,0,0,0,0.39,0.39,0,0.39,0.4,0.4,0.2,0.6,0.16,0.08,0.24,0.16,0.24,